feature,score
360X603,1.00744e-06
330X1215,1.049215e-06
750X355,1.08747e-06
750X1111,1.14291e-06
750X326,1.15763e-06
360X269,1.17371e-06
330X1213,1.19022e-06
312X385,1.20331e-06
750X601,1.20361e-06
400X170,1.21515e-06
750X357,1.25426e-06
750X267,1.35305e-06
750X234,1.37261e-06
330X14,1.37829e-06
330X767,1.5036e-06
750X1051,1.50975e-06
330X924,1.62262e-06
750X1309,1.62431e-06
360X1122,1.69485e-06
310X166,1.79127e-06
750X1146,1.81147e-06
312X236,1.87111e-06
750X1009,1.98751e-06
420X144,2.02773e-06
330X807,2.06106e-06
360X472,2.070145e-06
330X1004,2.09085e-06
520X347,2.13867e-06
344X60,2.31346e-06
750X29,2.36631e-06
420X160,2.36798e-06
360X266,2.40261e-06
312X33,2.60581e-06
360X875,2.61363e-06
360X374,2.67698e-06
750X618,2.759255e-06
330X964,2.7941e-06
400X111,2.80567666667e-06
312X525,2.83097e-06
210X18,2.96271666667e-06
520X98,3.02455e-06
312X155,3.05501e-06
750X384,3.058455e-06
360X101,3.08027e-06
330X778,3.13763e-06
520X189,3.17169e-06
420X121,3.181385e-06
750X602,3.284975e-06
750X991,3.40602e-06
750X282,3.41926e-06
360X1068,3.47264e-06
750X872,3.55916e-06
750X1162,3.57228e-06
360X806,3.67547e-06
440AX210,3.71341e-06
330X734,4.06637e-06
360X785,4.160705e-06
520X66,4.18445e-06
520X95,4.22871e-06
330X1311,4.33994e-06
330X1058,4.41294e-06
330X655,4.425795e-06
420X153,4.62645e-06
360X494,4.63953e-06
750X563,4.67826e-06
400X218,4.68038e-06
750X1006,4.75455e-06
312X311,4.7786e-06
750X1208,4.82137e-06
750X463,5.17333e-06
360X326,5.22182e-06
312X101,5.30833e-06
330X1173,5.32223e-06
360X1003,5.357615e-06
360X225,5.663545e-06
360X321,5.78057e-06
750X989,5.83342e-06
400X68,5.94483e-06
520X368,5.97484e-06
750X1207,5.99131e-06
312X340,6.059925e-06
312X426,6.14864e-06
750X390,6.20419e-06
360X18,6.28987e-06
750X280,6.29232e-06
330X1023,6.348225e-06
330X1010,6.67909e-06
520X229,6.68987e-06
312X174,6.741595e-06
330X707,6.79479e-06
750X1325,6.96325333333e-06
330X678,7.06943e-06
360X569,7.07375e-06
750X780,7.25402e-06
311X129,7.45261e-06
340X38,7.45441e-06
330X1227,7.4736e-06
330X953,7.6106e-06
750X1282,7.70219e-06
340X133,8.009e-06
440AX106,8.03881e-06
360X53,8.1168e-06
360X796,8.1688775e-06
312X191,8.59708333333e-06
420X154,8.59933166667e-06
520X397,8.753935e-06
520X281,8.831465e-06
340X8,8.95771e-06
312X386,9.19556e-06
750X1356,9.27167e-06
330X1094,9.31533e-06
520X186,9.467416e-06
750X481,9.60318e-06
400X147,9.76701e-06
330X1060,9.915015e-06
360X536,1.00159733333e-05
330X895,1.006538e-05
330X958,1.01374e-05
311X131,1.04643e-05
210X137,1.04799e-05
312X646,1.05439e-05
750X56,1.05504e-05
360X1383,1.08064e-05
210X110,1.114018e-05
400X36,1.15049e-05
360X1190,1.15379e-05
520X355,1.1667365e-05
750X877,1.16919e-05
360X305,1.1721985e-05
420X124,1.21565733333e-05
750X130,1.2353305e-05
750X1215,1.2431225e-05
360X1045,1.24494e-05
330X1118,1.249885e-05
330X885,1.26848e-05
420X147,1.28195e-05
344X156,1.284577e-05
520X145,1.290655e-05
312X487,1.299669e-05
330X349,1.3152215e-05
750X338,1.32161775e-05
750X588,1.3322425e-05
330X911,1.36822266667e-05
750X293,1.37428e-05
360X704,1.3779e-05
360X196,1.37943516667e-05
400X159,1.39426e-05
312X381,1.427405e-05
312X12,1.42760083333e-05
750X32,1.42849e-05
330X1229,1.43588e-05
330X1175,1.48035e-05
520X418,1.53234e-05
311X130,1.53687e-05
360X322,1.53699e-05
330X747,1.551295e-05
340X51,1.55373216667e-05
750X237,1.62262e-05
360X463,1.63079625e-05
750X147,1.65697e-05
330X1007,1.66103e-05
311X107,1.762683e-05
750X382,1.779177e-05
310X19,1.80973e-05
220X14,1.8281435e-05
750X139,1.85366275e-05
750X411,1.88191e-05
750X1273,1.91642e-05
312X219,1.9175445e-05
330X50,1.92205e-05
360X1032,1.93126e-05
360X788,1.99435e-05
312X208,2.0003062e-05
330X1138,2.00171e-05
312X8,2.05462e-05
750X999,2.09782e-05
400X145,2.09917e-05
520X318,2.10423e-05
750X344,2.12298e-05
360X528,2.18563e-05
420X110,2.2270805e-05
360X470,2.23313e-05
330X954,2.25944e-05
330X732,2.27791e-05
750X1029,2.285523e-05
312X213,2.28826e-05
360X777,2.30050066667e-05
750X236,2.341038e-05
750X341,2.3678265e-05
750X547,2.41180333333e-05
520X142,2.4195e-05
420X150,2.442617e-05
750X1072,2.46405e-05
330X1095,2.47656e-05
360X1095,2.484817e-05
520X183,2.539376875e-05
312X333,2.55779527778e-05
360X894,2.60237e-05
330X1305,2.60327e-05
360X985,2.60608e-05
344X15,2.67028e-05
312X517,2.70448566667e-05
400X63,2.71394e-05
750X343,2.73077e-05
360X411,2.74666e-05
360X1065,2.75953e-05
312X357,2.772069e-05
360X1086,2.7830493e-05
420X135,2.8029345e-05
330X1153,2.80571e-05
360X667,2.81486e-05
400X142,2.82465e-05
340X65,2.838491e-05
750X1317,2.8563e-05
344X210,2.85734483333e-05
340X134,2.87612e-05
750X398,2.886e-05
330X1035,2.91502e-05
360X1301,2.954911e-05
330X70,2.99201e-05
330X1304,3.0515072e-05
400X89,3.125961e-05
750X558,3.13018e-05
520X315,3.13795188889e-05
750X80,3.15265e-05
360X67,3.185707e-05
360X851,3.22632e-05
312X355,3.25371733333e-05
360X256,3.37917e-05
330X232,3.39957755556e-05
312X197,3.43412375e-05
330X854,3.43738e-05
750X163,3.504147e-05
750X6,3.5064555e-05
311X118,3.567745e-05
312X428,3.584832e-05
330X1151,3.58736566667e-05
750X1073,3.59394033333e-05
750X439,3.6026906e-05
360X288,3.606921e-05
360X174,3.60872e-05
312X28,3.6467365e-05
330X833,3.66255e-05
520X88,3.70062275e-05
330X987,3.71985e-05
520X289,3.7678925e-05
360X1333,3.828158e-05
750X22,3.82828e-05
400X70,3.841815e-05
344X196,3.857665375e-05
360X7,3.8885e-05
360X1054,3.89656e-05
344X6,3.93326075e-05
750X89,3.939368e-05
750X385,4.02756e-05
750X467,4.04960125e-05
330X784,4.12666e-05
312X350,4.21952033333e-05
520X326,4.334193e-05
520X421,4.389791e-05
360X673,4.3908125e-05
360X1368,4.40061e-05
520X119,4.47457233333e-05
750X69,4.49075e-05
330X1055,4.49797333333e-05
330X1225,4.5262696e-05
340X73,4.54575e-05
360X840,4.55366966667e-05
360X495,4.5585e-05
750X774,4.56981533333e-05
360X191,4.572905e-05
312X482,4.581859e-05
520X234,4.62077083333e-05
330X1140,4.65534e-05
312X376,4.6721934e-05
360X1031,4.75724866667e-05
750X48,4.81863e-05
360X1053,4.8597e-05
220X74,4.92048e-05
330X658,4.928985e-05
312X337,4.93926466667e-05
344X29,4.984688e-05
520X284,4.993245e-05
312X1,5.063047e-05
311X30,5.11646e-05
312X222,5.13653857143e-05
312X255,5.172690875e-05
330X851,5.17847e-05
520X203,5.21112225e-05
360X633,5.2261745e-05
360X1289,5.288963625e-05
312X216,5.30275869231e-05
312X445,5.3271935e-05
360X180,5.33384233333e-05
400X156,5.344604e-05
330X814,5.38598e-05
330X626,5.42443e-05
330X866,5.42616e-05
330X29,5.4386974e-05
312X215,5.44265483333e-05
750X245,5.45785e-05
340X45,5.533625e-05
750X907,5.53441e-05
750X590,5.54169e-05
750X997,5.595725e-05
330X1143,5.63121e-05
520X27,5.6969725e-05
420X36,5.69879311111e-05
750X1218,5.89395e-05
750X1034,5.94733e-05
750X1301,5.96047e-05
360X202,5.97068e-05
520X124,5.9837935e-05
312X210,6.05541e-05
750X216,6.058965e-05
360X247,6.08363e-05
312X430,6.13409913636e-05
750X1366,6.14033e-05
330X235,6.1470266e-05
360X418,6.1798744e-05
330X741,6.18629e-05
360X888,6.2069455e-05
330X1308,6.231293e-05
330X1021,6.26187742857e-05
340X67,6.28522033333e-05
330X918,6.2950855e-05
400X157,6.4020995e-05
312X13,6.406107e-05
360X1248,6.42439625e-05
360X1148,6.477854e-05
210X92,6.5106666e-05
330X348,6.527591375e-05
750X310,6.52824e-05
312X167,6.7077025e-05
312X38,6.83183e-05
750X1130,6.834965e-05
312X32,6.85412666667e-05
312X349,6.87078133333e-05
750X400,6.93874e-05
750X1279,6.9851925e-05
330X870,7.0417865e-05
520X296,7.08372166667e-05
360X29,7.13798e-05
210X108,7.14571525e-05
312X284,7.2158705e-05
360X588,7.21627666667e-05
520X51,7.284551e-05
311X117,7.293786625e-05
312X529,7.366432e-05
330X968,7.37348e-05
330X415,7.37633633333e-05
750X121,7.41953e-05
360X1372,7.45705e-05
360X1130,7.483031e-05
312X373,7.508261375e-05
344X117,7.55756715385e-05
750X889,7.56442e-05
360X302,7.56529e-05
300X12,7.5777657907e-05
750X650,7.58946e-05
340X7,7.59854e-05
312X645,7.650772e-05
750X325,7.66293e-05
312X260,7.68944e-05
330X902,7.71809845455e-05
340X3,7.73683877778e-05
360X590,7.79161e-05
400X112,7.794488e-05
750X538,7.85219e-05
311X128,7.92154185714e-05
520X169,7.9326725e-05
311X146,7.97554066667e-05
750X483,7.97713e-05
520X277,8.00462e-05
210X13,8.09356234043e-05
420X2,8.096624e-05
520X305,8.1288838e-05
360X445,8.21772666667e-05
311X115,8.2493955e-05
520X325,8.27196266667e-05
310X14,8.285515e-05
330X1001,8.4674855e-05
210X75,8.49701244444e-05
330X460,8.53948646154e-05
210X2,8.80924753304e-05
520X349,8.81801714286e-05
330X1144,8.81979e-05
520X273,8.87026e-05
330X793,9.033675e-05
330X916,9.10238e-05
311X142,9.12121842857e-05
330X1083,9.169555e-05
750X550,9.17533e-05
360X1117,9.19084e-05
330X343,9.22148228571e-05
312X600,9.23034371429e-05
312X160,9.2587e-05
360X272,9.34389675e-05
420X151,9.34897225e-05
312X356,9.3623355e-05
330X754,9.4084e-05
360X190,9.462588375e-05
312X187,9.561175e-05
440AX204,9.61659926667e-05
520X67,9.73102166667e-05
750X492,9.73216433333e-05
311X1,9.74469065217e-05
330X934,9.76247e-05
400X120,9.81720435e-05
360X658,9.87932e-05
330X339,9.90594e-05
750X1307,9.91084663636e-05
312X310,9.9316865e-05
330X643,9.9392586e-05
312X281,0.000100496206
340X61,0.000100560218
330X983,0.0001006073
312X374,0.000100812835556
750X376,0.000101181
420X89,0.00010160726625
360X401,0.000102267753333
340X75,0.000103360612
750X223,0.0001034275575
520X285,0.00010387134
330X489,0.000104112804545
360X1366,0.000104256821111
312X253,0.000104287385
520X233,0.000104385245
330X63,0.000104882438889
420X140,0.000106109
360X1202,0.000106321653333
360X428,0.000106490566667
210X202,0.000106836618333
750X861,0.000107121
210X203,0.0001075505
360X991,0.0001088686525
220X178,0.000109110806667
210X57,0.000109192281111
400X201,0.000109795975714
750X381,0.000110467294444
340X132,0.00011102368
360X683,0.000111036
520X41,0.00011104315
750X1164,0.00011224524
312X291,0.0001126345825
750X560,0.000112924
312X421,0.000113813910833
360X891,0.000114405
312X583,0.000114486193571
520X321,0.00011485395
400X198,0.000114984222222
210X3,0.000116419502254
312X596,0.000116495575556
330X1249,0.00011688605
400X114,0.00011714121
220X66,0.000117368172
360X617,0.000118147
360X525,0.000118609
344X124,0.00011935415375
312X465,0.000119751371818
312X153,0.000120426
330X426,0.000120720325
210X19,0.000121477371429
360X1294,0.000121784436667
312X375,0.00012231191875
520X187,0.000123013
210X67,0.00012305008875
520X180,0.0001235873625
210X97,0.000124613310189
210X25,0.000125145150571
420X199,0.000125589816538
344X62,0.00012596739
311X103,0.000125969955
312X603,0.000126129446667
750X307,0.000126185740909
360X706,0.000126715
330X888,0.00012683897
330X438,0.000128360750769
210X73,0.000128630568
330X1085,0.0001296
360X577,0.000129955
312X639,0.00012999035
210X76,0.000130751901667
312X87,0.000130764198571
210X4,0.000132123503026
210X68,0.0001331707575
750X603,0.00013422
330X479,0.000134619466667
360X480,0.000135046
312X27,0.00013589788
400X23,0.000136143323
360X6,0.00013623133
360X997,0.000136240731111
360X539,0.000136344
750X470,0.000136368
330X813,0.00013672705
750X619,0.0001369144
750X161,0.00013796252
360X609,0.000138630785
330X91,0.000138749688333
344X105,0.000139264765
520X50,0.000139281566667
210X59,0.00013972526625
340X77,0.000140386529167
360X1142,0.000141235
312X120,0.000141808704697
210X10,0.000141821404615
520X71,0.000142399402
330X1030,0.00014263845
312X198,0.000142721393333
311X80,0.000143340015455
360X483,0.000143367
360X600,0.000145386033333
340X105,0.00014543686
340X53,0.000145438733333
330X783,0.000146131
330X759,0.000146196259
420X114,0.00014735285
360X467,0.000147468396667
312X2,0.000147861292857
210X27,0.000148047959929
750X255,0.00014806065
311X109,0.000148542723125
312X173,0.000149016278
360X282,0.0001501343
312X307,0.0001509662625
750X414,0.000151002537097
360X396,0.00015101843
750X66,0.0001511231
344X94,0.0001516366025
312X79,0.00015191356
210X9,0.000152001684975
310X180,0.000152081242759
520X107,0.000153134993
312X73,0.000153149648
750X190,0.000155101818
520X290,0.000155257666667
750X396,0.000155345
312X382,0.00015650226
330X160,0.000158248351333
344X115,0.000158810274
311X31,0.000158983544444
360X631,0.00016184107125
360X1084,0.000162385045294
360X341,0.00016333962
210X14,0.000164113022343
330X729,0.000164918
330X21,0.00016539701697
360X1341,0.00016671002375
210X32,0.000167351855506
210X15,0.000167631312465
330X991,0.000167951464
210X29,0.00016810174125
360X15,0.00016863795
210X23,0.000169139789255
750X773,0.000169332390833
340X1,0.00016998957875
520X141,0.000170129865
ERROR:#N/A_1,0.000170814265114
330X913,0.0001719315
750X417,0.00017414784
210X20,0.000174429162008
750X458,0.000174438433333
344X64,0.00017522995
360X829,0.00017638128
210X5,0.00017749158906
750X173,0.0001775484
520X166,0.000177761086154
220X176,0.000178316827368
750X1281,0.00017877293
750X275,0.0001792015
330X96,0.000179203285455
312X3,0.000180125105
312X638,0.000180470151429
360X242,0.000180927320909
312X17,0.000181089106667
750X546,0.000183296275
210X53,0.000183385888571
360X310,0.000183620511
400X59,0.000184238683333
330X449,0.000185084356667
520X417,0.000185434
400X73,0.000186245653333
360X216,0.00018669311
210X65,0.000186704882597
440AX17,0.000186832467727
520X396,0.00018778186
750X1299,0.000188181218571
330X761,0.000189041
360X458,0.000189705766667
330X816,0.000190494176667
312X383,0.000191303133333
400X136,0.00019162797
750X1364,0.0001916328675
330X114,0.00019178651551
750X1313,0.000192192843333
520X12,0.000192272558
344X88,0.0001922954925
330X186,0.000192338761333
360X503,0.000192618
750X395,0.000192797526667
360X17,0.000193546295
340X101,0.000194350824
330X1,0.000194634231481
750X362,0.00019488937125
520X102,0.000195380898182
520X31,0.000195871120769
210X80,0.000196362019167
420X159,0.000196362486
330X205,0.000197015061111
400X5,0.000198425373077
360X675,0.000199953
330X71,0.000200696437568
330X396,0.000201216432
210X42,0.000201377336667
311X82,0.000201403047692
420X212,0.00020147707625
750X202,0.000201561
360X100,0.000201905215
360X1278,0.00020279682
312X773,0.000203334973
360X1020,0.00020537265
312X285,0.00020544428875
330X64,0.00020620751
312X464,0.000208955666364
400X199,0.000209304770538
420X69,0.000210575319286
311X143,0.000211201961667
420X116,0.000211274852143
750X513,0.00021205122
400X160,0.0002127831875
520X90,0.0002128038525
360X333,0.000212949856667
210X26,0.000213333410072
750X598,0.000213508728
400X75,0.0002139112375
312X125,0.000214285416984
360X388,0.000214684
330X328,0.000215294032308
360X56,0.000216811
360X598,0.000217684825556
750X1297,0.000218301178182
210X33,0.00021844215988
520X427,0.00022053352
330X788,0.00022126851875
310X175,0.000221659097556
ERROR:#N/A_24,0.00022175218
750X500,0.000223590598889
750X260,0.000223931
360X237,0.00022469
440AX123,0.000225036535373
344X66,0.000225138
520X308,0.00022559083
312X43,0.000226755
330X948,0.00022689589
312X114,0.000227512306154
330X303,0.000228029665455
330X480,0.000228556
340X149,0.000229549903
400X197,0.00022997349375
344X65,0.000230228890714
440AX163,0.0002316483205
750X393,0.000232447269091
ERROR:#N/A_1 (#2),0.000232911535
520X167,0.000233379016667
330X1185,0.000234637
330X222,0.000235266525
440AX203,0.000235452297333
360X1281,0.00023556982
360X1315,0.00023591845
520X72,0.00023651272
312X574,0.000236856845
440AX45,0.00023749083527
750X201,0.000238836
360X774,0.00023893050625
311X51,0.000239310458
750X673,0.0002400491825
344X97,0.000240055093
520X312,0.00024150868625
750X9,0.0002416
330X871,0.000241788
400X140,0.0002420125
312X235,0.000242515888
330X276,0.000242742867778
750X407,0.00024275345
330X27,0.000243275
520X240,0.000243409872449
330X961,0.000244308133333
400X81,0.0002448484172
330X931,0.000245804244545
312X71,0.000246145717872
312X591,0.000246598263333
210X113,0.000247913044323
360X481,0.00024854245
520X332,0.000249396795556
520X123,0.000249611542
360X1064,0.000251697845
440AX114,0.00025171667
520X62,0.000251751986875
312X483,0.000253582514286
311X188,0.000253833278571
750X687,0.00025516685
750X1271,0.000255498
330X459,0.00025584867125
344X112,0.00025605014
340X195,0.0002560700055
312X669,0.000256910942424
360X1393,0.000258597214286
312X358,0.000258859156667
344X252,0.00025960425
330X724,0.00025979531
330X41,0.000260256303333
312X766,0.000261078870833
310X178,0.000261528499677
330X146,0.000262089558095
310X172,0.000262604973571
220X192,0.000264378893636
750X321,0.000264547
400X193,0.000264917056786
750X215,0.00026523695
360X546,0.000266988173333
312X70,0.000267203334324
210X226,0.00026758503275
400X117,0.0002721604975
330X209,0.000272743880909
210X105,0.000273039733571
330X509,0.000273703345
310X181,0.000274644432553
520X323,0.000274948637143
520X261,0.000275025668065
360X215,0.0002760107125
330X796,0.000276024145
440AX183,0.000276397598929
360X1323,0.000277019441364
310X173,0.000277805779545
360X222,0.000277897216667
330X382,0.0002782946
311X16,0.000279026378636
312X100,0.0002793948
520X202,0.000280333652
330X342,0.000280502764375
312X427,0.000281773871667
750X1028,0.000282885311111
330X118,0.000284156887407
330X341,0.000284730418462
360X163,0.0002849521
360X453,0.000284972503333
750X1278,0.000285387898947
312X94,0.000286319
312X331,0.0002884310145
330X860,0.0002888979525
330X252,0.000289506499375
312X597,0.00029047132625
520X390,0.000290480194783
400X214,0.000291191682
312X598,0.000291213438889
344X55,0.0002916595
312X84,0.000292669064545
330X951,0.0002928771
330X891,0.000293275
210X152,0.000293765552037
340X151,0.000294538390811
210X93,0.000294740618889
311X17,0.000295137232
330X483,0.000295529535833
312X257,0.000295928173333
420X1,0.000296190211
312X462,0.000297716745806
750X406,0.00029867925
750X886,0.00029883395375
340X5,0.000300536
520X110,0.000301329025
360X168,0.000301778169167
750X445,0.000303815845455
360X137,0.00030411671
360X533,0.00030482811
330X156,0.000305059776842
520X408,0.000305475962708
312X121,0.000305643865349
440AX186,0.000306241796667
312X83,0.000307125388148
330X906,0.000307701266667
330X1105,0.000308736
312X37,0.000308802
420X139,0.000308860676429
312X144,0.000310012040769
360X896,0.00031032651
520X47,0.00031056397697
330X1201,0.0003106629625
312X438,0.000311762946333
330X840,0.0003120095
360X779,0.00031415
330X927,0.000314283595556
360X763,0.000314738945979
360X687,0.000315950368302
360X356,0.000317099186667
330X402,0.00031782877
360X58,0.00031961221875
750X209,0.000319973875
312X760,0.000320127258636
360X340,0.000320873925
420X66,0.000321389173846
750X679,0.0003227485925
210X16,0.000322937714149
210X125,0.000322971670833
210X40,0.00032408568936
210X116,0.000324680055
311X15,0.0003248249328
750X387,0.000325478
312X463,0.000325885874737
330X153,0.000325910877647
312X774,0.000326194103529
330X268,0.000326858625789
330X1041,0.00032687968
360X12,0.000327709375
420X198,0.000328009487727
520X242,0.000328232722
340X197,0.000330848666471
330X495,0.000331792662812
ERROR:#N/A (#3),0.000332450035
312X444,0.000333161145
750X576,0.000333545388
360X99,0.000334589038333
340X2,0.000335078432
400X86,0.000336466030769
210X218,0.000337593987
360X373,0.0003377436
440AX25,0.00033850963625
330X123,0.000338974044706
360X741,0.00034045462069
750X882,0.00034075
520X65,0.00034123866
312X352,0.000342285476667
440AX167,0.000342362502727
312X481,0.000342368926667
330X843,0.000342704
344X13,0.000342868
750X153,0.000342987361
360X159,0.000344191360385
520X75,0.000345091614444
312X519,0.000345263499167
750X34,0.000345626976379
420X3,0.000345811
520X262,0.000347885166182
220X190,0.000348131307656
210X30,0.000348755139091
750X354,0.000348978
520X287,0.00034901825875
220X187,0.000349377423889
330X313,0.0003514441595
360X22,0.000352086945
330X530,0.00035258475375
330X499,0.000354146141429
420X201,0.000355993872558
420X68,0.000356812339286
312X52,0.000357402465072
420X134,0.000357856673333
520X16,0.000358164476333
312X332,0.000359031404118
330X552,0.000359684903333
344X195,0.000360152713043
420X156,0.000361551015
340X39,0.0003615737
210X99,0.000363991367857
311X113,0.000364330886364
360X66,0.00036464
340X187,0.000364943265921
330X312,0.00036516086
210X230,0.000365676261452
360X14,0.000366363444286
520X386,0.000366398702857
220X29,0.000366509160203
312X601,0.000366552543636
750X133,0.000367516902754
750X530,0.000368778495
750X491,0.000371827502857
311X116,0.000373314494
360X576,0.000373951666667
310X171,0.000374436401
360X1307,0.000375863615714
440AX27,0.000377394357097
440AX172,0.000377756485263
344X122,0.000378132611111
520X245,0.000378642717619
330X282,0.00037928359625
420X118,0.000379404005833
210X165,0.000379699871107
344X178,0.000379870294615
330X1192,0.00038024
420X38,0.000380373
360X234,0.000380491
520X37,0.000380785382857
750X162,0.00038090885
312X262,0.00038117157
750X750,0.00038207
344X126,0.00038250658
520X241,0.000383050397667
360X455,0.000385407449091
360X55,0.000385666411111
312X471,0.000387355575714
312X555,0.000388691039216
400X108,0.0003894669975
310X159,0.00038979507
312X244,0.000389988766667
344X192,0.000391480451129
360X649,0.000392628443333
340X43,0.0003932115
344X168,0.000395330176
312X523,0.000398040033333
520X223,0.000399774616667
344X113,0.00039992875
210X72,0.000400294822917
360X89,0.000400949915556
520X387,0.000404768568696
220X184,0.000405702335161
360X1116,0.000406187466
312X169,0.000406210609286
330X820,0.00040637
420X50,0.0004068035
440AX88,0.000407161741
312X339,0.0004078893984
440AX111,0.000408622822095
340X194,0.000409282561818
311X199,0.000410485499649
360X709,0.000411465948
360X593,0.000415973225
420X117,0.0004167565075
330X130,0.000416825946053
400X13,0.000416900788182
440AX33,0.00041745769907
210X61,0.00041798291371
220X4,0.000418188338671
400X72,0.000418191031667
750X359,0.000419046465366
312X585,0.00042028449
210X114,0.0004205317732
400X215,0.000420683758
344X241,0.000421557662564
220X112,0.00042183131134
420X87,0.000422341805714
210X138,0.00042261691
400X33,0.000422876771129
520X320,0.000423018343333
750X222,0.000424780666667
330X255,0.000424859111538
360X376,0.0004260836
312X440,0.000428583729091
330X1000,0.0004294323
330X125,0.000429465148537
360X363,0.00043019621
440AX169,0.000431049895
210X98,0.00043166435625
440AX211,0.000431855635
750X428,0.000431989766
311X127,0.000432273152857
210X155,0.00043453053369
420X70,0.000434623526
750X529,0.00043495325
210X34,0.0004376529208
344X255,0.000437673035833
360X153,0.000437704108889
300X8,0.000438830648237
310X43,0.000439205213784
400X132,0.00043977978037
220X170,0.000440536626957
330X1003,0.000440677416667
360X679,0.000440721849412
220X171,0.000441203995897
312X82,0.00044297389125
520X81,0.000443469375714
210X112,0.000444386842897
520X410,0.0004459728205
360X1165,0.000446538
210X86,0.000447259147208
312X744,0.000448061641724
420X197,0.000448814409595
400X118,0.000449351402778
330X111,0.000453447317534
312X720,0.00045345953193
312X261,0.000453601277778
330X560,0.000454139199524
330X368,0.000454270413636
220X174,0.000454829050385
360X751,0.000455438147143
750X389,0.00045558
750X1050,0.0004563876225
330X884,0.000457425
210X107,0.000458380794393
312X698,0.000459306133684
520X313,0.0004595057225
310X117,0.000461454626429
400X76,0.000462320117
330X950,0.000463495542222
330X520,0.000464571857778
312X335,0.000465710128889
400X21,0.000467359986094
330X1278,0.0004678145
210X142,0.000468751329065
312X277,0.000469327471429
440AX117,0.000469432318857
440AX48,0.000470116174483
400X213,0.000470121086452
312X770,0.0004706538425
330X388,0.000470705937333
750X557,0.00047093197375
210X147,0.000471110816353
750X247,0.000471112
312X489,0.0004712063628
344X160,0.000471392135673
220X216,0.000473666012379
312X189,0.000476723518889
330X159,0.000477255420286
340X17,0.000477314860909
210X211,0.000477554116667
311X149,0.000477678822
330X742,0.00047799584
344X85,0.000478036448333
312X761,0.000479006402051
310X177,0.000479304837391
220X218,0.000479401642606
ERROR:#N/A_18,0.000479757349583
750X252,0.0004812560196
311X111,0.000481347118125
330X498,0.000481617890345
330X1236,0.000483693025
360X277,0.000483797
344X86,0.00048539729
400X67,0.0004874365
311X187,0.000487798455294
420X34,0.000487939
420X195,0.0004879839265
340X186,0.000488938433793
750X524,0.000489848696667
400X12,0.000491260718765
520X140,0.000492435580833
344X90,0.0004934966
750X179,0.000493953356
750X1339,0.000494788745
520X165,0.00049576789125
360X169,0.0004965925
330X923,0.00049759546
750X1148,0.000498485
330X1078,0.0004984983475
311X84,0.000498723963636
520X137,0.00049963665122
330X180,0.000500378996364
344X147,0.000500605141667
220X33,0.000501104304286
312X790,0.00050150995
312X576,0.000502594481842
520X317,0.000502987705556
210X35,0.000505360320303
750X404,0.000507180625385
340X185,0.000508789101385
311X208,0.0005093392904
220X191,0.000510126485786
440AX144,0.000510504138036
750X593,0.00051143564
440AX126,0.000511595401294
750X784,0.000511629741429
440AX99,0.000512914070704
312X716,0.000513311623093
440AX92,0.00051424539907
330X26,0.000518188566667
210X192,0.0005186038175
360X296,0.000518649978421
330X470,0.000519847168333
312X119,0.000520736001711
520X260,0.000522177797083
312X518,0.00052368
330X578,0.000524076041053
750X649,0.000525106
330X366,0.000526135015
330X254,0.000526308252903
440AX184,0.000526387059744
330X244,0.000526456430435
360X278,0.0005270765
520X96,0.000529089081111
312X113,0.000530983576
210X45,0.000531220100741
520X353,0.000532364
440AX10,0.000532474292381
210X56,0.000534224455185
440AX129,0.000534426344545
330X1077,0.000536974195526
312X771,0.000538377905294
330X435,0.000539114654286
311X8,0.000541334204824
330X1223,0.000542804
344X151,0.00054298561625
400X146,0.000543258995
330X508,0.000545275666429
330X826,0.0005455065
340X28,0.000546525108387
750X478,0.00054681513875
311X2,0.000547683886
210X7,0.000548105955328
340X113,0.000548208383
330X356,0.00054968064
312X561,0.000550380802653
311X65,0.00055173764
520X168,0.0005519660215
520X30,0.000552771096087
330X657,0.000552958176667
330X378,0.00055371305
360X285,0.000553817548485
312X90,0.000553885504
750X11,0.00055402104
750X264,0.000554329080909
210X186,0.000554476169088
360X983,0.000554916717143
440AX160,0.000555162394118
750X44,0.000555407434444
400X141,0.000556755
520X314,0.000556759545
312X334,0.000556900603636
750X766,0.0005579346825
210X220,0.0005583967724
210X28,0.000558615230472
312X713,0.000559142774545
360X615,0.000561042761818
330X132,0.000561402920577
330X786,0.000561494
330X371,0.000562927775172
220X53,0.000563917842857
312X754,0.000565101480769
210X70,0.00056530600352
520X230,0.000566523475455
220X186,0.000567161817368
440AX154,0.000567236200263
440AX178,0.000570523419808
520X407,0.000570873113529
360X294,0.00057248917325
400X124,0.00057254249037
330X642,0.000573323355909
360X161,0.000573540802941
312X99,0.000573927
440AX147,0.000574481407619
360X1325,0.000577004591818
400X116,0.00057911375
330X352,0.000579350722857
360X201,0.0005797045
360X558,0.000580508
520X13,0.000580843226667
312X667,0.000581001553571
520X58,0.000581828617143
312X753,0.000581951554545
312X712,0.000582938988295
312X578,0.000583309949545
360X642,0.000583409321765
520X255,0.000588078007083
340X189,0.000590448929701
330X1157,0.00059112139125
400X38,0.000592295454
520X252,0.000592421932778
340X18,0.000592835592637
400X123,0.000593239373684
210X188,0.000593427711809
360X135,0.000593920676552
750X45,0.00059490443
220X180,0.000594924161667
440AX32,0.00059493237
330X262,0.00059554234375
520X394,0.000597707021852
440AX173,0.0005979493924
400X95,0.000598175923438
440AX64,0.000598410648421
312X65,0.000599420102
750X239,0.000599722590909
310X12,0.000600782609886
310X109,0.000601186885556
344X1,0.00060178525
400X15,0.0006018860775
210X82,0.000602645016641
420X81,0.000603249882059
400X133,0.000603457
312X240,0.000603958
220X128,0.000603970307308
400X80,0.000607204138333
750X184,0.000607406
330X95,0.000607467933077
400X88,0.0006094553308
312X710,0.000612413768443
750X288,0.000612455254
360X220,0.000612957724
310X169,0.000613363990588
312X567,0.000613657825
312X724,0.000614207121154
220X116,0.000614528521552
330X940,0.0006147998664
344X123,0.000614981883636
400X57,0.000615457040667
750X135,0.000615469703448
520X311,0.000615836473333
400X35,0.000616639
750X1150,0.00061753385
220X9,0.000617548901102
440AX40,0.000617863922391
310X4,0.000618495380593
310X147,0.000620440832353
400X151,0.00062131330875
330X1158,0.0006219771
440AX122,0.000623125725333
360X999,0.000623141798
312X772,0.000623999963684
330X569,0.000624864404687
520X409,0.0006261471
360X671,0.000626499109
330X514,0.000627573783333
360X1150,0.000629440205
220X26,0.00063007789
340X181,0.000631653486387
330X198,0.00063203206
330X165,0.000634235125641
312X586,0.00063471433037
440AX65,0.0006350217708
330X345,0.00063520414
311X29,0.000636307
750X1368,0.00063645805
330X715,0.000636845
520X121,0.000636860161111
440AX136,0.000637708348437
750X297,0.0006402357
750X569,0.000640384673333
312X759,0.000643070156944
360X1356,0.000643608529167
360X971,0.000643987124912
344X165,0.000645641370645
750X1117,0.0006474765
210X88,0.000648055676613
330X372,0.000649015096667
311X110,0.000649618883226
312X6,0.00064999575
330X960,0.000650068054058
330X425,0.000650096587059
344X150,0.000650204361296
330X183,0.000651081017
340X41,0.000651209208333
330X868,0.000651531749
330X1054,0.000651551
330X234,0.000651656473913
750X995,0.0006526369275
330X338,0.000652644624118
360X384,0.000653963920769
310X101,0.000654734903437
210X200,0.000655941409737
520X244,0.000656411441667
340X85,0.000656684
330X755,0.000658556
312X778,0.000661678011111
340X34,0.00066171754
312X436,0.000664739342353
210X64,0.000665183224615
750X149,0.000666552110286
400X58,0.000666883419333
344X163,0.00066740246
312X238,0.000667506175882
330X49,0.000667900174
311X105,0.0006686794475
330X943,0.00066904153
360X1050,0.000669121407273
220X141,0.000671637522167
360X1111,0.000672996
360X522,0.00067345554
330X692,0.000674224284286
330X359,0.0006746115
440AX78,0.0006751402935
312X693,0.000675311351984
340X6,0.00067578915
210X52,0.000676905137219
750X1329,0.000677300025
312X486,0.000678876041
312X77,0.000679542949032
311X133,0.0006802120976
311X140,0.000680544
330X305,0.000680912884167
400X187,0.000681788624872
360X244,0.00068188106
440AX90,0.000682171008095
520X92,0.000682326545333
330X323,0.000683193141667
330X175,0.000687226880323
420X208,0.00068723307619
344X34,0.000688245088136
400X228,0.000688498
330X1053,0.00068876001375
360X1213,0.0006887626525
360X651,0.00068964835
750X1331,0.00069233
330X92,0.000693054779333
330X54,0.000693421496667
310X8,0.000694651497644
311X139,0.00069497045
400X78,0.00069604443875
750X617,0.000696199155714
311X169,0.000696965057895
330X331,0.0006972038944
750X374,0.000697965
310X154,0.0006988731428
440AX47,0.0006988740475
220X27,0.00069925510481
330X516,0.000699731427442
360X417,0.0007016524
312X132,0.000701844760789
520X395,0.000702376840952
330X150,0.000704840925
210X194,0.000705987582236
360X193,0.00070677003
330X242,0.000707773048
360X351,0.000707860333333
360X382,0.000708180844667
360X231,0.000708999480556
520X53,0.000712022747727
312X72,0.0007132425832
520X205,0.0007154292
520X291,0.000716056886667
330X576,0.000716066309444
360X1212,0.000716297188333
330X429,0.0007169553668
312X717,0.000717075806333
360X1062,0.000717432707222
220X177,0.000717585687297
312X76,0.000718558084583
312X723,0.0007196631172
310X121,0.000720380385098
330X455,0.000720433739452
312X64,0.000720894564466
210X69,0.000721274405822
312X448,0.00072148699
310X131,0.000721505455308
312X287,0.000722074133333
210X171,0.00072507059298
330X285,0.0007260877025
210X164,0.000727336726306
330X407,0.0007277637116
330X752,0.0007283055
220X185,0.000728317457037
312X764,0.0007291723132
420X75,0.000731898609787
344X26,0.000732814864706
360X1006,0.000736763721304
750X392,0.000736855249091
360X379,0.000737982751429
750X286,0.000738139188333
330X59,0.000738596126429
400X195,0.000739304116667
311X67,0.000739779797059
312X679,0.000742351667
330X98,0.000742938552785
312X752,0.00074357105
520X297,0.000744534507143
520X269,0.00074609533375
312X123,0.000746346822727
220X167,0.000747276703816
440AX127,0.000749859359605
520X68,0.000750567057857
330X302,0.000751645098649
210X143,0.000752791816143
750X169,0.000754303952
312X726,0.00075454049186
330X1134,0.000760071
360X362,0.000760297933333
340X124,0.000761011769231
360X585,0.000762572917778
330X128,0.000762617512041
312X725,0.000762774391522
420X78,0.000766826160392
440AX97,0.000767372751389
750X480,0.00076908969
520X5,0.000769380000571
330X573,0.000770485632
330X316,0.00077152634
330X163,0.000772123147143
420X138,0.000772125204
340X27,0.000772145961238
520X404,0.000772620008571
440AX60,0.00077271045
440AX51,0.00077437911451
440AX98,0.000774665026538
750X779,0.000774885
340X4,0.000779178894545
330X469,0.000782331427
520X294,0.000782605085714
330X135,0.000782688423443
210X173,0.000783799543544
440AX73,0.000784600123043
750X363,0.000786587166667
ERROR:#N/A_20,0.00078673069803
360X773,0.000786978496111
330X456,0.000787913449
520X160,0.000790206697317
360X318,0.000790776404211
440AX124,0.000791526602169
344X108,0.000793622391
344X139,0.00079400663
360X1208,0.000794903
360X681,0.00079676316375
400X148,0.000796957908462
520X239,0.000796972905616
440AX21,0.000797064821009
310X113,0.000798587862143
750X577,0.000802054
360X50,0.000802814
360X784,0.000802904365
360X338,0.000805159471818
440AX61,0.000805218633434
360X45,0.000805895945333
360X271,0.00080676649375
Chamber,0.000806806294921
750X499,0.000807420754615
210X124,0.000807684745294
750X233,0.000808827666667
310X148,0.000809200034571
330X841,0.000809934
360X349,0.000810762164
400X69,0.000814570644167
312X136,0.000817689765
360X1215,0.000818156166667
360X584,0.00081950553209
312X124,0.000820732924355
310X30,0.000821123290403
360X252,0.000822095632857
330X224,0.00082310587
440AX18,0.000823453820645
360X567,0.000824893651667
360X1105,0.00082509834617
312X112,0.00082573300512
312X719,0.000826002170256
360X499,0.000827750035538
340X19,0.000828254116316
520X217,0.000828534458333
750X379,0.000828988836667
312X145,0.000830329786471
440AX70,0.000831252031132
750X360,0.000831486395625
330X3,0.000831919781395
420X76,0.000833403895741
330X436,0.000833691356364
750X452,0.000834748175
520X342,0.000840671426
400X122,0.0008410170125
360X308,0.000842177462308
330X1103,0.0008433568
340X83,0.000845328908
210X159,0.000845434824144
312X701,0.000845442600714
520X48,0.000845859800667
750X348,0.000846089576364
210X139,0.000846565483269
420X88,0.000846963563158
520X213,0.000847382406
750X187,0.00084857958439
440AX31,0.000849363090204
312X78,0.000849601152222
400X34,0.0008498650975
330X512,0.000852051981081
360X117,0.000854246729079
750X528,0.000856552
310X153,0.000859143099136
420X79,0.000859432368904
220X11,0.000861768243125
312X223,0.000862748671111
210X66,0.000863430326788
750X851,0.000863462162727
312X439,0.000864021494375
210X58,0.000866168420794
330X472,0.000866612254
312X470,0.000866909958182
420X164,0.000867296
330X395,0.000868218909524
344X77,0.000868321813
440AX37,0.000868400881579
750X271,0.000868532946667
750X749,0.000869176333333
330X381,0.000869513647778
330X599,0.0008697169345
750X665,0.00086992849
520X374,0.000871300516667
312X711,0.00087155079129
312X141,0.000872275809028
330X332,0.000873342775714
210X153,0.000874642545338
210X44,0.000874931645455
360X464,0.000875283
400X196,0.000875758530455
330X1196,0.00087622358125
330X191,0.000879676100392
360X337,0.000880239045122
330X346,0.000882000745
210X8,0.000883315651925
360X245,0.000884506745
330X539,0.000886583064545
312X475,0.0008870385
420X136,0.000888607694118
440AX42,0.000888999773146
750X489,0.000890150343077
330X281,0.000890397591333
330X618,0.000891816785333
330X904,0.0008925733625
210X123,0.000892656105
750X409,0.000893248
312X675,0.000893696482222
750X137,0.0008938330325
360X275,0.000895098822222
520X307,0.000897487917778
312X246,0.000899395235833
330X468,0.000900505166667
360X587,0.000900809621818
312X474,0.0009030980495
750X1305,0.000903745898
330X208,0.000904194376389
360X643,0.000904356
440AX20,0.000905734103
344X169,0.000906521904825
360X129,0.000907274328889
750X1020,0.00090940265
520X118,0.000909976832727
330X506,0.000909994426667
310X42,0.000910928156
312X714,0.000911186388765
360X299,0.000911190526
210X87,0.000911310335971
220X193,0.000911314523469
360X300,0.0009114796
400X209,0.000911756866818
440AX74,0.000912963808793
330X166,0.000914004030526
311X10,0.00091408605375
340X173,0.000915630075059
520X159,0.000915828729615
360X1067,0.000918099
420X142,0.000918757054286
440AX91,0.000918994153824
312X89,0.000919581566667
312X702,0.000919583158037
750X241,0.000921294750556
440AX196,0.000924011171711
360X1061,0.000924294030656
330X559,0.000924383128056
440AX34,0.000926634132778
330X179,0.000928056757027
344X106,0.0009287759425
520X112,0.000933382702353
312X777,0.000933446945781
344X41,0.000935000701013
520X236,0.000937556430513
330X259,0.000937815455
330X566,0.000938381627424
330X486,0.00094040518625
440AX72,0.000940793289873
520X87,0.000941200028636
344X96,0.000942915295
340X20,0.000943483574286
340X161,0.000945528573448
400X211,0.000945826582
520X82,0.000947696347647
310X179,0.000947816153261
312X278,0.000948154
311X14,0.0009483390025
330X1104,0.000948345054444
310X99,0.000949334841538
440AX39,0.000950109796857
440AX43,0.000950178534
440AX110,0.000950244171791
344X121,0.000950293792
330X762,0.000950444005
330X351,0.0009521110728
750X1040,0.00095528998
330X362,0.000955392352778
300X11,0.000955550794
220X31,0.000957801815088
330X309,0.000958192826667
440AX102,0.000958373303
360X230,0.0009600955525
360X685,0.000960458696233
360X665,0.00096218692
360X31,0.000963337
440AX35,0.000963498744286
210X193,0.000963967918958
220X197,0.000964023224082
312X780,0.000964455196387
210X62,0.000965340365405
330X6,0.000969605710811
750X1,0.000970513310526
400X91,0.000970737079091
210X43,0.000972272632286
ERROR:#N/A_25,0.000972521070323
344X232,0.000975111581827
330X214,0.00097553748026
360X516,0.000976499
520X22,0.000977096905
400X56,0.00097720325
312X441,0.0009794939132
520X138,0.000980311466667
750X456,0.000980996035714
360X1358,0.000982397433333
520X57,0.000984420241
220X194,0.000985411752439
520X265,0.0009901786804
312X379,0.00099176971
360X25,0.000991921280127
210X210,0.000992126601503
220X142,0.000992696956089
220X28,0.000993787086065
330X597,0.000997839473704
330X536,0.000998759584444
750X403,0.000999701191143
420X77,0.00100172866569
750X675,0.00100616076
400X217,0.00100701555882
210X1,0.00100864947368
360X1007,0.001010821635
440AX8,0.00101137859324
420X13,0.00101327637692
344X235,0.00101404695991
750X434,0.001014093311
440AX12,0.00101430810683
750X1321,0.00101502459091
330X581,0.00101512912629
440AX87,0.00101629993771
311X61,0.00101660442571
330X861,0.00101677485
344X237,0.00101797326355
311X94,0.00102026882576
330X602,0.00102034764083
330X1063,0.00102054193429
340X121,0.00102089341357
520X161,0.00102303960879
330X142,0.00102329384083
400X208,0.00102365523964
330X585,0.00102438073
360X1140,0.00102674240167
330X769,0.00102686794818
310X105,0.00102715450628
360X199,0.00102798617176
440AX2,0.00103094253511
750X249,0.00103209498
750X188,0.00103423732222
330X139,0.00103591455303
330X121,0.00103633594646
750X311,0.00103671
440AX56,0.00103804295783
750X266,0.00103850043667
330X392,0.001039576616
360X1042,0.00104030436
310X107,0.00104147301153
330X774,0.00104174713333
310X168,0.00104174959571
420X33,0.00104207433696
312X783,0.00104227081886
750X370,0.00104416943118
360X133,0.00104567869384
330X448,0.00104579745983
750X605,0.00104683923462
330X149,0.00104790665031
440AX14,0.00104864774917
312X758,0.00105110606918
312X554,0.00105272287154
330X594,0.00105337185536
310X15,0.00105527167143
750X177,0.00105664158625
750X138,0.00105809206875
750X415,0.00105827630824
520X254,0.00105851047417
340X29,0.00105888764882
344X257,0.001060269185
520X231,0.00106043074909
520X403,0.00106157703102
750X1246,0.00106349426667
360X439,0.00106378438
520X130,0.00106478682
330X580,0.00106547410512
312X595,0.001066759852
330X226,0.001067512195
344X225,0.00106795621
311X145,0.001069480723
330X622,0.00106973941026
420X120,0.001071597725
520X23,0.00107308618467
750X567,0.00107410042125
360X1119,0.001077724925
312X290,0.00107845138176
330X967,0.00108166051667
520X411,0.00108208573295
330X265,0.00108465636042
750X657,0.00108661
750X263,0.00108661900857
520X181,0.00108731902875
750X765,0.00108809525406
344X209,0.001088747585
330X176,0.00108959573286
340X182,0.001092023898
310X11,0.00109294535286
750X319,0.001093788524
344X174,0.0010947150573
400X152,0.00109559453
440AX50,0.00109638501462
312X263,0.0010972759
312X704,0.0010987634875
220X130,0.001099709565
210X111,0.00110020427273
400X194,0.00110022910123
311X68,0.00110035533596
750X114,0.00110080376667
311X165,0.00110125716953
312X696,0.00110183199882
312X256,0.001102206482
440AX195,0.00110380271579
220X132,0.00110425117103
750X155,0.00110433683905
330X545,0.00110436407304
330X947,0.001104787
360X395,0.001105350134
400X22,0.00110693169375
440AX166,0.00110789439561
750X776,0.00111018666077
340X163,0.00111102262353
520X293,0.00111110694
220X173,0.00111232914213
310X202,0.00111699762042
344X39,0.00112009292545
344X25,0.001121599887
210X149,0.00112310296121
210X50,0.00112615298787
750X573,0.00112830065565
400X20,0.00113171181519
360X530,0.0011343702
210X85,0.00113446393726
360X370,0.00113885982875
310X201,0.0011388743625
344X200,0.0011389325592
330X858,0.0011395366825
340X183,0.00114067725289
220X30,0.00114383905957
520X106,0.0011467676085
520X415,0.00115053271333
360X304,0.00115243122
330X1101,0.00115311376167
330X790,0.00115529300667
400X85,0.00115586679714
330X1187,0.00115603204
360X223,0.00115619096
360X414,0.001156861022
750X143,0.0011575676595
330X674,0.001158353
400X87,0.00115918169667
330X630,0.00116335457167
344X22,0.0011653366086
360X315,0.00116688
360X359,0.00116904262275
520X126,0.00117156389091
310X176,0.0011728208575
330X503,0.001173148488
220X217,0.00117560250609
210X83,0.00117647635667
330X672,0.00118055733333
330X405,0.00118149058844
520X70,0.00118157645778
330X615,0.00118304997205
420X21,0.00118813207353
520X228,0.001189055175
440AX96,0.00118992779077
312X590,0.00119216688176
340X147,0.00119273943967
440AX187,0.00119338955125
330X212,0.00119458776412
360X188,0.00119551607435
344X194,0.00119562226313
360X119,0.0011958182566
750X159,0.00119745971227
330X1097,0.00120129811
360X478,0.00120334125667
400X134,0.00120417123333
220X55,0.00120450140762
344X263,0.00120488637737
330X321,0.00120518377
210X84,0.00120670203173
520X43,0.0012091488975
360X1391,0.001209943335
330X155,0.00121391841387
312X570,0.00121462145
210X81,0.00121540543665
312X604,0.00121714513333
330X361,0.00122035900967
360X113,0.0012235847649
210X195,0.00122363563755
330X389,0.001225943172
344X56,0.0012262962275
750X220,0.00123089524143
210X189,0.00123473739016
330X401,0.00123542324628
330X225,0.001235696248
330X116,0.00123595155667
360X348,0.00123606164784
210X122,0.00123798805167
330X544,0.00124062168577
420X73,0.00124198443045
311X203,0.00124321915595
440AX93,0.00124412231901
360X1246,0.00124444531267
344X79,0.00124791684647
330X4,0.00124929594235
210X128,0.00125063772864
330X386,0.001251182905
360X393,0.0012519386525
750X1202,0.00125293021667
310X164,0.00125790633333
312X267,0.00126008
312X785,0.00126070685308
330X893,0.00126080736684
520X237,0.00126428385657
750X554,0.001265715304
330X189,0.00126687676
312X95,0.0012706041
360X1039,0.00127320138073
210X219,0.00127379049114
360X1,0.0012755684764
310X207,0.00127774033535
360X766,0.00127795649538
210X74,0.00128279125146
312X577,0.00128326343333
210X12,0.00128396949406
310X5,0.00128585598426
440AX84,0.0012864829143
520X267,0.00128658076733
330X562,0.00128689681732
210X41,0.00128837099845
330X7,0.0012891670175
520X15,0.00129126979143
312X361,0.00129425472429
340X126,0.00129494739143
440AX199,0.00129543347339
440AX100,0.00129592308063
400X32,0.00129738445568
440AX22,0.00129810303316
360X130,0.001300152
360X661,0.00130047269032
330X1028,0.00130445
360X613,0.00130527188447
420X28,0.00130717791361
310X111,0.00130751750118
312X211,0.001311006058
400X14,0.00131137571373
360X787,0.00131228321
440AX19,0.00131228539938
312X779,0.00131342267744
311X11,0.00131365306131
312X703,0.00131432683063
330X264,0.00131517005379
330X532,0.00131695527571
312X138,0.00131695816241
210X89,0.00131820780295
750X238,0.00131867470978
330X1203,0.00131888173
312X139,0.00132171638857
210X145,0.00132366054405
440AX4,0.00132421775135
360X11,0.00132443097588
344X177,0.00132444741923
330X295,0.00132602811538
210X48,0.00132889895385
360X1201,0.00133089331882
310X44,0.00133194600498
330X541,0.00133753874228
330X195,0.00133816419333
210X39,0.00133859914458
330X383,0.00133971449333
311X136,0.00134012368143
312X579,0.00134227993714
360X26,0.0013487591532
750X854,0.0013497943825
312X789,0.00135176965133
360X253,0.00135393228
344X36,0.00135540045943
750X109,0.00136048505679
360X1072,0.00136270142333
750X250,0.00136897
750X1341,0.001372925775
344X261,0.00137348789682
440AX206,0.00137481669385
750X1270,0.00137632385222
440AX197,0.00137641370707
344X234,0.0013767912025
344X19,0.00137699645067
220X5,0.0013797527061
310X9,0.00138169234902
330X478,0.00138200966763
312X728,0.0013833312064
520X179,0.00138391729186
420X123,0.00138468371111
330X294,0.00138597534947
360X605,0.00138918883816
330X369,0.001394974764
750X208,0.00139761715556
750X1337,0.00140063814231
330X99,0.00140074640474
340X22,0.0014037934
520X232,0.00140555808933
340X196,0.00140849007976
520X153,0.00140975377333
312X61,0.00141255397759
330X185,0.00141281859
210X101,0.00141286788326
750X349,0.00141307570333
400X77,0.00141311687
440AX9,0.00141489977637
344X21,0.00141558203407
344X262,0.00141627941278
340X37,0.001416735
400X96,0.00142051708815
750X425,0.00142386842524
330X542,0.00142553307562
210X94,0.00142624591154
520X18,0.001428351655
360X211,0.00143075673613
312X782,0.00143076560412
440AX85,0.00143593466917
310X119,0.001436027585
330X476,0.001440620968
750X587,0.00144073524571
750X151,0.00144269678647
360X1271,0.00144515
750X176,0.00144628101647
520X3,0.00144719813175
520X8,0.00144755786222
330X286,0.00144954144364
330X410,0.0014496766781
330X211,0.0014568732902
400X16,0.00145867418537
400X205,0.00145997353727
312X735,0.00146387660905
440AX58,0.00146645149738
220X107,0.0014665151454
750X115,0.00146664500558
330X1212,0.00146713211636
520X218,0.001470030125
330X1274,0.00147118013696
330X669,0.00147134823706
360X1083,0.00147333149738
440AX83,0.00147456280595
ERROR:#N/A_5,0.00147459821511
ERROR:#N/A_15,0.00147474779462
360X47,0.001475280944
311X70,0.00147573079961
330X529,0.00147598466474
312X96,0.00147799778462
344X253,0.00147887913267
330X493,0.00148240796
330X993,0.001482415
360X1094,0.00148261822182
312X531,0.001484242392
360X447,0.00148662430633
330X1088,0.00149064819421
750X508,0.00149189014237
440AX15,0.00149529048059
360X185,0.00149610149375
360X307,0.0014966067007
400X66,0.00150015525
440AX119,0.00150033388889
520X266,0.00150138827872
312X88,0.001501756185
750X145,0.00150203108429
330X1098,0.0015024354088
330X23,0.00150576082489
750X751,0.00150883293154
312X115,0.00151041040385
750X788,0.00151583568
520X389,0.00151599760481
750X763,0.00151722357189
750X987,0.00151862051
312X722,0.00151881047014
330X81,0.00151889746234
330X325,0.00151971430786
311X5,0.00152152996714
520X225,0.00152169
344X190,0.00152303
420X80,0.00152563951487
344X245,0.00152617992317
520X149,0.00152820398444
360X449,0.00152824294333
344X81,0.00153081014195
360X511,0.00153274821947
312X718,0.0015328938416
750X477,0.00153710230909
360X502,0.00153803048
520X405,0.00153865550091
312X681,0.00153930396652
ERROR:#N/A_8,0.00153946536159
330X322,0.00153965689769
330X137,0.00154107969811
330X595,0.00154278325833
330X1232,0.001544781612
360X1017,0.00154746581475
344X208,0.00154835949133
360X329,0.00155061837239
312X259,0.00155178067091
330X1100,0.00155247339842
750X597,0.00155303447313
360X466,0.00155305752818
440AX213,0.00155980580163
520X197,0.001560933825
330X215,0.00156471310739
210X161,0.00156550793285
440AX29,0.00156559069378
220X172,0.0015668035886
360X415,0.0015669945675
360X125,0.00156945765654
750X455,0.00157239411972
440AX112,0.00157387245563
312X458,0.00157603597857
220X189,0.001577015145
360X689,0.001577489726
440AX140,0.00158106000789
440AX46,0.00158116310421
330X24,0.00158334644385
310X115,0.00158396706
750X285,0.00158437491522
330X601,0.00158452903386
750X1127,0.001584654445
311X90,0.00158781116663
312X111,0.00158944794368
520X52,0.00158975153455
360X677,0.00159160081
330X218,0.00159204707687
330X1198,0.001597222915
440AX189,0.00159904838057
344X176,0.00159959961957
312X117,0.00160040354468
520X288,0.001601124465
ERROR:#N/A_7,0.00160229238278
312X731,0.00160241030541
400X212,0.00160541633176
210X117,0.00160904191348
330X817,0.001612054985
330X492,0.00161411757364
750X1393,0.00161450743333
220X120,0.00161469346667
360X1288,0.001621728566
360X1313,0.00162201284182
330X272,0.0016264389
330X1061,0.0016276495
520X7,0.00162777070152
360X1018,0.00163112009667
330X144,0.00163154345612
312X602,0.0016325337225
360X623,0.00163281574308
420X19,0.00163382928273
210X181,0.00163677911875
344X229,0.00163820874673
750X368,0.00163822439643
750X663,0.00164065779038
330X651,0.00164440661067
750X219,0.00164541538
310X31,0.00164771050841
210X63,0.00164774314259
312X765,0.00164867127706
300X5,0.00164875582031
360X1396,0.00164972
750X199,0.001654962686
750X1391,0.0016553537325
311X3,0.001656784
750X378,0.001662144869
300X1,0.00166272100571
344X250,0.0016685242425
360X146,0.00166959
360X543,0.00167309290775
420X16,0.0016731512674
360X48,0.00167559812
312X233,0.001679072
520X55,0.0016793330775
440AX180,0.001680698784
360X989,0.00168077994846
440AX63,0.00168200419426
360X139,0.00168281721667
312X488,0.00168340524824
340X190,0.00168377655411
750X122,0.00168516154625
420X72,0.00168550593025
220X165,0.0016869065059
330X522,0.00168875608025
312X130,0.00168901789893
ERROR:#N/A_11,0.00169195431613
344X199,0.00169306047375
344X74,0.00169317666703
340X97,0.00169548454
440AX30,0.00169563071059
360X557,0.00169907833333
520X17,0.001706640534
220X175,0.00170691509125
330X966,0.00170794772556
360X513,0.00171124427
311X12,0.00171186347538
420X209,0.00171521405333
360X839,0.00171620737
440AX13,0.00171639857618
750X510,0.00172331535886
330X466,0.00172571445062
312X566,0.00172942049351
ERROR:#N/A_14,0.00173173295676
330X206,0.00173221158091
ERROR:#N/A_2,0.00173472267077
520X97,0.00173507589857
750X637,0.00173754824091
750X592,0.00173758285231
420X85,0.00174136705591
312X389,0.00174303
330X30,0.00174364475
440AX75,0.00174399262835
330X853,0.001748871
520X324,0.001752427895
344X221,0.00175247013286
340X177,0.00175260619842
330X409,0.00175435349838
330X231,0.00175493944486
330X353,0.00176032430889
440AX28,0.00176579653774
330X104,0.0017658467089
520X399,0.00177406613667
312X594,0.0017740863119
330X527,0.00177460697017
360X406,0.001775635732
750X274,0.00177673661
330X47,0.001778212718
440AX82,0.001786500365
311X75,0.00178661655907
330X887,0.001788828
360X694,0.0017891
312X60,0.00179352361108
360X437,0.00180107505333
440AX36,0.00180261940744
344X186,0.00180295088226
750X337,0.00180534254296
360X286,0.00180594
330X519,0.001812982144
210X146,0.0018137885808
210X222,0.00181388
360X335,0.00181544366571
210X130,0.00182008408607
520X393,0.00182184888833
312X673,0.00182237349791
311X9,0.00182282074767
310X29,0.00182404618086
360X529,0.00182545
420X74,0.0018270752337
750X141,0.00182767726277
220X195,0.00182939750952
330X329,0.00183289867625
360X519,0.00183661587077
312X637,0.00183709059583
440AX115,0.00183720372291
520X253,0.00184051117696
750X327,0.00184342803791
330X399,0.00184696999667
312X102,0.0018496846725
310X103,0.00184973653868
330X609,0.001851022365
440AX191,0.00185253388245
360X28,0.00185343132125
420X98,0.00185944278857
312X697,0.00186036196667
312X700,0.00186255093117
330X1239,0.001867
340X165,0.00187034952636
440AX94,0.00187269107277
312X268,0.001873198
440AX177,0.00187403086524
440AX141,0.00187602779
312X528,0.00187991846745
750X661,0.00188757118488
440AX77,0.00189082122263
750X1039,0.001892421514
750X488,0.00189420276375
311X77,0.00189588274444
360X34,0.00189601464965
330X546,0.00189624793667
312X58,0.00190027165866
330X526,0.00190197158571
210X47,0.0019021865905
330X319,0.001903261035
440AX130,0.00190564201097
210X95,0.00190725604984
330X9,0.00190753202296
210X129,0.00190824755429
220X12,0.00190907585796
520X83,0.00191411033
210X231,0.00192482762156
750X1289,0.001929015884
440AX113,0.00192954840712
360X127,0.0019308359615
330X311,0.0019320921016
750X436,0.00193240004923
440AX11,0.00193889089424
330X391,0.00194157141826
360X69,0.00194219041667
750X58,0.00194548924417
360X219,0.0019455223348
310X167,0.00194675
340X47,0.00195167702571
312X740,0.00195649159059
312X678,0.0019650879525
312X560,0.00196705629667
360X1127,0.001967487298
310X20,0.00197093806667
750X1204,0.00197183335143
312X283,0.001973290575
360X165,0.00197337124171
210X163,0.00197545495103
311X205,0.00197567735781
344X230,0.00197953834143
750X768,0.00198488032429
440AX69,0.00198639501951
310X156,0.0019871397812
312X446,0.00198858902143
340X188,0.00198897492908
330X204,0.00199052468316
520X258,0.00199355338403
750X253,0.00199849372545
750X340,0.0019986
440AX145,0.00200286661638
330X162,0.00200503116892
750X741,0.00200737711926
330X548,0.00200902887803
330X482,0.00201054016059
400X94,0.00201220898795
330X44,0.00201760527722
750X585,0.00202123174833
312X699,0.00202221131127
750X1018,0.00203054341333
440AX185,0.00203142037568
340X10,0.00203415223667
330X1064,0.00203735998333
344X164,0.00204263889526
750X242,0.00204295661222
310X32,0.00204496266433
520X412,0.00204503942846
440AX5,0.002045228126
312X695,0.00205128950585
312X592,0.00205279185
330X604,0.00205464428654
330X318,0.00206384445238
360X592,0.002071140587
520X177,0.00207458910017
440AX152,0.00207623371595
360X44,0.00207787238343
330X315,0.00208046771615
440AX120,0.00208143992267
440AX168,0.00208326209722
210X179,0.00208402965207
750X1212,0.002085646668
330X620,0.00208775508462
750X157,0.00208954085484
210X150,0.00209127931111
750X595,0.00210030827733
312X530,0.00210183859909
330X152,0.00210208504425
360X346,0.002103968635
311X134,0.00210723272895
210X46,0.00210904032214
360X456,0.00211583563333
750X777,0.00212248853333
220X6,0.00212797599434
440AX6,0.002130012252
750X99,0.00213701
220X124,0.00213848053909
330X823,0.0021471841
330X721,0.00215109666667
330X453,0.002152203118
310X155,0.00215431600722
750X1213,0.00215671758
344X213,0.00216156587643
520X35,0.002162788325
750X277,0.0021664429075
210X209,0.00216660509639
360X510,0.00216793034629
440AX44,0.00217846639115
310X96,0.00218016973701
440AX71,0.00218157181078
520X129,0.002184457166
210X54,0.00218744732121
360X4,0.00219302826115
520X264,0.00219742990838
330X219,0.00220074556083
520X33,0.00220545734
311X162,0.0022097099354
520X46,0.00220992911073
330X608,0.00221076136279
312X126,0.00221778345171
750X1394,0.00222391
330X1131,0.00222397
330X830,0.00222408
750X582,0.00223792879289
312X694,0.00224041005156
330X170,0.00224386829917
360X249,0.00224585
750X426,0.00224811689
750X532,0.00224977695138
344X243,0.00225036916868
312X729,0.0022536771894
310X6,0.00225753018465
210X131,0.0022578786763
330X485,0.00226262617355
360X639,0.00226367944636
311X193,0.00226383649088
750X466,0.00226437127375
360X987,0.00226473904611
360X23,0.0022667537207
750X685,0.00227110228767
440AX125,0.00227134942684
440AX162,0.00227442778225
330X1180,0.00227818291286
400X98,0.00228262931638
312X776,0.00228688448517
210X11,0.00229066358605
750X555,0.00229223099192
360X747,0.0022924853
360X378,0.002293426039
360X574,0.00229348913737
330X416,0.00229391828333
311X207,0.00229479671621
360X702,0.002301847654
520X388,0.00230362762679
360X1146,0.00230912195286
312X133,0.00231488917554
210X106,0.00231700629481
440AX109,0.00232192668155
440AX200,0.00232908916533
750X1002,0.002333086666
750X1294,0.002341943322
750X117,0.00234574159908
360X1245,0.00234609432448
360X874,0.00235239655667
420X20,0.00235343062
330X704,0.00235394816667
360X209,0.002355842092
330X169,0.00235585244694
440AX66,0.00236038292178
360X1321,0.0023619216719
311X106,0.002362435792
344X57,0.00236294
750X442,0.00236419
330X836,0.00236742
360X157,0.00236986944457
420X67,0.00237362776875
520X32,0.00237737662321
330X289,0.00237765014889
520X259,0.00237842288714
344X187,0.00237847581882
344X69,0.002378915
311X93,0.0023817954852
400X216,0.00238297994874
360X121,0.00238463944333
220X10,0.00238560723014
312X131,0.0023899457363
312X589,0.00239006176654
311X83,0.00239118398846
360X565,0.00239310866839
312X456,0.00239803337211
360X409,0.00239938
330X980,0.00240215455517
330X606,0.00240480123552
520X274,0.00240777063417
750X584,0.00241279585195
520X256,0.00241734447778
312X582,0.00242382556051
440AX107,0.00243086881082
360X173,0.00243967
311X63,0.002442846735
750X172,0.0024451
360X629,0.00244949183033
330X379,0.00245095408333
210X183,0.00245137300467
360X444,0.00245568153833
330X1194,0.00246129093167
750X211,0.00246651679826
220X204,0.00247017318383
330X496,0.0024729303025
330X502,0.00247550176318
750X874,0.00247554325
440AX150,0.00248131419591
344X239,0.00248212228096
750X437,0.00248370785385
344X43,0.00248531474213
330X245,0.00248827542174
330X336,0.002490785
ERROR:#N/A_23,0.002491068287
330X93,0.00249602558
750X533,0.00249979110367
330X523,0.00251262040545
360X187,0.00251522796288
310X130,0.00251908532394
340X145,0.002521521813
344X222,0.00252283882034
440AX121,0.00252695711379
750X522,0.00253133403444
330X298,0.0025317908561
520X385,0.00254112345
312X666,0.00254207847625
344X104,0.00254735
312X674,0.0025478811385
344X254,0.00254925507
330X920,0.00255275355413
330X990,0.00255445751571
330X1234,0.002560928
210X214,0.0025641
750X304,0.00256871025833
312X786,0.00257353430492
340X123,0.00257634954453
330X910,0.0025872629475
360X500,0.00258749104375
330X697,0.00258863515
330X284,0.00259733875109
210X177,0.00260580525843
330X300,0.00260784363483
330X308,0.00261424627867
311X147,0.002614773425
340X140,0.00261478384077
750X316,0.0026179
344X27,0.0026187962
360X109,0.00262194259971
312X742,0.00262281891533
360X669,0.00262382650281
220X114,0.00263246186622
750X607,0.00263586222727
312X682,0.00264304105089
750X1323,0.002647570584
520X400,0.00264863919746
312X239,0.00265082794533
312X118,0.00265117963
750X565,0.00265890820465
340X42,0.00266318
330X439,0.00266406297077
330X1184,0.00266599875333
750X278,0.00266605
520X335,0.00267662
310X28,0.00267921828544
344X264,0.00268033736909
440AX202,0.0026859646408
520X295,0.00269065548692
750X511,0.00269520029
340X138,0.00269560530419
360X505,0.00271155
310X33,0.00271871041276
360X111,0.00271995199401
312X143,0.00272097587739
750X123,0.0027255180775
750X100,0.00272596996359
420X32,0.00273370963328
330X553,0.00273453504163
360X114,0.00273745519462
360X155,0.00273970148233
220X163,0.00274241745641
312X784,0.00274380415068
344X20,0.00274631635354
440AX149,0.00274977305207
330X694,0.00275268512
312X280,0.00275884442385
750X351,0.0027628655
360X1339,0.00276332391407
330X709,0.002768467965
330X11,0.00277052106812
312X338,0.00277258996211
420X214,0.00278456420242
360X149,0.00278580473221
210X170,0.00278591857595
520X391,0.00278857552875
750X689,0.002790595
312X442,0.00279090465
310X150,0.00280522840984
440AX23,0.00280726897771
330X105,0.00282053597915
312X736,0.00282412222
330X708,0.00282535
330X986,0.00282821885
330X525,0.00282995284214
312X69,0.00283462404149
330X930,0.00283780106517
220X2,0.00284000538598
360X1337,0.00284163166528
360X1279,0.00284181
750X10,0.00284884
360X582,0.00286409408371
220X188,0.002870765442
210X115,0.00287412519053
520X6,0.00287720847263
420X8,0.00287835196964
440AX76,0.00288446678067
312X377,0.00288687344
750X639,0.00289005700154
312X135,0.00289145498219
220X164,0.00290198721078
344X114,0.00290713281429
220X196,0.002914881885
400X144,0.00292421990667
340X175,0.002935368374
360X213,0.00293803745919
210X172,0.00294081328689
750X853,0.00294426493552
312X584,0.00294447038619
312X63,0.00294992222374
330X777,0.0029601447
220X122,0.00296295435892
330X564,0.0029853593895
750X365,0.00298592333333
360X765,0.00298719342861
330X1182,0.00298756566667
210X175,0.00298898988777
311X72,0.00298979181179
330X1057,0.00299479618667
312X315,0.00300406269
400X99,0.00300488343462
330X533,0.00301090628357
312X680,0.0030120020676
312X289,0.0030135995
520X108,0.00301605964375
750X1108,0.00302743
520X392,0.00303276932188
330X574,0.00303782861316
360X518,0.00304413425583
420X4,0.00304421908901
311X95,0.00304919434986
330X251,0.00305592910725
400X97,0.00305743470458
311X62,0.00305947766667
520X182,0.00305982
210X118,0.00306469765579
360X392,0.00306725561234
420X210,0.00307444300273
330X445,0.00307516660932
330X109,0.00308386454778
520X162,0.00308971249471
330X555,0.00309269772322
750X1201,0.00309343516216
750X971,0.00309547940156
310X2,0.00309622095767
310X10,0.00309986357521
311X28,0.00310989231013
360X655,0.00311238673333
360X1106,0.0031195638275
312X387,0.00312452
440AX7,0.00312489750667
520X309,0.00312671724286
330X385,0.003130040282
440AX132,0.00313346206911
440AX161,0.00314528273744
360X436,0.00315184895333
311X24,0.00315576975875
360X434,0.00316265100222
311X52,0.00316904233235
520X176,0.00317418921725
311X71,0.00317835879137
344X95,0.00318457165
750X1267,0.00319017318436
360X635,0.00319136124536
520X135,0.00319152347429
330X806,0.003196246065
360X327,0.00319676775542
330X199,0.00319877348571
750X228,0.00320102305304
311X54,0.003206746326
360X1021,0.00320900603333
360X241,0.003213333767
330X306,0.003224134355
750X667,0.00322671733333
210X135,0.003230292555
360X208,0.00323936477437
344X212,0.0032422656
400X93,0.00324292164
311X27,0.00324669200838
400X19,0.00325726501194
750X535,0.00326530063667
440AX118,0.00326867546843
330X418,0.00328241745493
360X166,0.00328575592419
210X216,0.00328664407018
750X334,0.003291590151
330X1284,0.00329388632519
400X4,0.00329525152273
340X25,0.00329586513984
310X188,0.00329933945195
330X147,0.00330130722462
420X48,0.00330663119714
360X141,0.00331097036909
360X1002,0.0033132952675
344X231,0.00331341431916
360X524,0.00331895793857
330X505,0.00332421490556
400X200,0.00332984963176
360X311,0.00334266866667
210X174,0.00335592840924
750X318,0.00335817895176
360X198,0.00336780420583
330X1290,0.00336962383933
330X241,0.00337541047182
360X263,0.0033857061795
360X371,0.00339249175455
330X537,0.00339734757437
520X263,0.00340161784955
210X154,0.00340893851346
750X230,0.003423235615
330X1065,0.00342509
330X420,0.00343671314513
750X1090,0.00343686
360X1009,0.00343937
360X360,0.00345321369471
520X357,0.003464063
330X984,0.00346964
311X154,0.00348070745505
360X607,0.0034864299331
440AX131,0.00348697943541
330X419,0.00349123526273
210X182,0.00349905834439
330X61,0.00350673730731
400X31,0.00351253746032
330X768,0.00351509
312X425,0.00351729703
330X258,0.00354199545955
750X420,0.00354282
520X381,0.00354629306273
750X444,0.00355027332
520X306,0.00355264448909
420X31,0.00356163852549
440AX165,0.00356418703062
520X330,0.00357083
330X274,0.00358200348656
330X921,0.00358501546339
311X155,0.00358721767625
330X900,0.00359001512065
440AX137,0.00360140377083
312X692,0.00360918428041
360X650,0.003610639395
312X217,0.00361488463652
330X60,0.00361939
311X4,0.00362164702392
360X1364,0.00362435569
210X90,0.00362743688694
400X210,0.00362791198933
750X1064,0.00362936661
360X131,0.00365084347687
312X565,0.0036625592198
520X103,0.00367208778571
360X331,0.00368590138591
360X3,0.00369836823106
520X36,0.00370524
312X732,0.00370555507569
440AX143,0.00370983695383
750X453,0.003719997
312X220,0.00372702991333
440AX176,0.00373125945147
750X883,0.003741014275
520X38,0.00374372132038
750X111,0.00374546174024
340X24,0.00376419872457
330X944,0.00376637103333
420X187,0.00376912065514
330X428,0.0037761108752
440AX146,0.0037781756207
330X1310,0.00377819905
360X138,0.00378395610615
311X76,0.00378624908887
330X31,0.00378822420647
750X296,0.003791835745
312X81,0.00379432840033
330X365,0.003807104536
400X30,0.00380935688722
330X423,0.00381452273444
330X652,0.00381782294
210X185,0.00383150747698
312X166,0.00383174081438
344X149,0.0038392942
220X78,0.0038395155
750X261,0.00384481247632
400X74,0.0038483582335
330X926,0.00385243704686
360X451,0.00385736049875
330X1020,0.00386339448577
312X468,0.0038701307195
330X611,0.00389612593545
210X104,0.00390522211147
360X176,0.0039108234631
750X440,0.003915165
440AX164,0.00393404830036
440AX179,0.00393676187727
330X550,0.00394461834015
312X97,0.00394915147273
330X850,0.00396447765
750X983,0.00396815167147
360X261,0.00397430733648
311X81,0.00398152095455
400X79,0.00398160406405
330X941,0.0039939155
360X768,0.00400457116
312X734,0.00401045088796
750X669,0.00401894581578
360X270,0.00402057
520X78,0.00402821412
330X465,0.00404001260226
440AX190,0.00404452821174
360X637,0.00404601519753
360X381,0.00405112113758
330X112,0.00405606875095
312X476,0.00407087
360X297,0.00408149291471
220X32,0.00408539732279
312X767,0.004095142286
330X488,0.00409755527514
360X492,0.00410890046
330X628,0.00411316234083
344X44,0.00411433461857
210X160,0.00412139020327
440AX89,0.00412835500708
312X254,0.00413538321615
400X110,0.00414084
330X671,0.004142705775
440AX79,0.00414905256509
520X406,0.0041580856159
440AX95,0.00417300447745
440AX81,0.00417638398783
360X746,0.0041824144725
330X691,0.0041828258325
311X69,0.00418538919297
312X353,0.00421366481667
520X143,0.00421914921685
330X246,0.00422086856417
750X671,0.00422453502643
330X275,0.00422703386308
440AX198,0.00423024976077
750X677,0.00423536994481
440AX153,0.00424656517667
750X28,0.00425706633
312X743,0.00426147343037
440AX55,0.00426488424235
520X178,0.00426514246413
330X1037,0.00426531811159
311X58,0.00426751989536
344X103,0.00426886625
360X1108,0.00427595
311X206,0.00428359975568
360X521,0.00428892529543
312X630,0.00428966514429
330X216,0.004291221472
520X63,0.00429557705345
360X145,0.00430990066167
340X143,0.0043113802007
220X126,0.00432114385362
330X239,0.00432437568417
360X645,0.00432662497078
330X473,0.004326644687
420X12,0.004331796027
360X1109,0.00435004288
330X811,0.00435123235556
344X99,0.0043575
344X16,0.00436847478872
311X204,0.00437401528721
360X1309,0.00437945233333
330X278,0.00439432149441
750X519,0.004402380745
312X127,0.00440586701536
330X10,0.0044099864
750X371,0.00441323875
520X61,0.00441470171333
520X155,0.004415765475
330X475,0.00442195872156
311X33,0.00442405961
330X228,0.00442476616386
750X600,0.004425763
440AX41,0.00443948906815
330X738,0.00444789933333
750X525,0.004453395
330X571,0.0044555052348
330X1221,0.00445689017
210X217,0.00445812309333
440AX57,0.00449077551932
360X995,0.00449617798485
330X446,0.0045142300524
360X319,0.00451688731062
330X291,0.0045184183332
750X544,0.004532934321
750X666,0.00453877413
330X249,0.00454318984941
312X672,0.00454534906846
344X87,0.00454715924
360X1028,0.00456054846818
210X212,0.0045665144325
420X216,0.00458060248681
360X143,0.004585710435
330X100,0.00458673628632
312X265,0.004591756235
360X264,0.00459726675846
330X43,0.00460640964708
311X151,0.00461578431625
750X244,0.00461689
340X125,0.004634758415
440AX86,0.0046875141603
330X1034,0.00469043
312X279,0.00470353726667
750X1128,0.004704270972
750X308,0.004705896625
330X798,0.00473202285963
210X157,0.00473496208889
344X78,0.0047388
210X100,0.00474779980019
310X200,0.00474940440394
360X1097,0.004753631395
311X86,0.0047691435916
360X151,0.0047847718214
344X159,0.00478796835424
440AX182,0.00479550553571
210X109,0.00479626567167
750X574,0.00480806623889
520X28,0.004820687607
360X162,0.004820837515
520X327,0.004842890575
210X191,0.00485069761359
330X53,0.0048662019575
330X791,0.004870883906
210X187,0.00487399127902
750X33,0.00488501207636
310X13,0.00488615309114
750X1086,0.00488809221667
330X432,0.004906520342
360X573,0.00492204479421
750X536,0.00494343333333
344X138,0.0049499065
330X1275,0.00499078020714
312X633,0.00501550758714
330X229,0.00503088485769
420X93,0.00504465818802
210X55,0.00504695348919
440AX16,0.00505543110621
750X642,0.00506939609857
220X13,0.00508332485873
310X160,0.00509127736727
220X3,0.00509201790504
312X730,0.00509842188468
312X221,0.00510278254615
330X687,0.00510654
330X535,0.00511805238882
750X885,0.00512483895733
420X22,0.00512710120625
750X645,0.00513000931059
344X185,0.0051330323463
344X35,0.00513346999961
330X613,0.005145832986
312X792,0.00516427682434
312X762,0.00516613272533
344X5,0.00517520513143
420X96,0.00517525677792
210X49,0.00518083987294
750X787,0.00519151995571
360X653,0.00519328994257
750X1131,0.005197028375
312X553,0.0052046018424
750X227,0.00520636
750X888,0.00521498605
420X23,0.00522533888417
312X788,0.00523277183702
330X800,0.00524624622722
360X666,0.00524786979909
440AX181,0.00525121131
310X27,0.00527183758428
520X134,0.005321938525
750X897,0.0053288349125
311X92,0.00533824826465
520X380,0.00534313764622
360X595,0.00536195682851
420X200,0.00536222141445
750X7,0.00538521
750X3,0.00540403283833
312X54,0.00540722034914
311X73,0.00540831961833
340X31,0.00541357787
312X738,0.00542216456269
750X709,0.00542923802333
330X458,0.0054542294534
750X329,0.00545425177906
330X1148,0.00545810355929
312X129,0.00546078528
330X1208,0.00546479975421
340X26,0.00547406400937
420X228,0.00547414
360X1051,0.00548481584
330X355,0.00550099262263
312X636,0.00551574428444
311X53,0.00552011260041
330X1024,0.00553630633333
330X587,0.00554051537158
750X331,0.00554713776818
360X1305,0.00556218159385
440AX108,0.00556451261059
750X747,0.00556987
750X1003,0.005590657125
750X543,0.00559306920962
750X23,0.00565870166875
360X489,0.00567792884125
750X641,0.00567961819
330X1210,0.00568196812357
210X91,0.00568972756143
210X96,0.00571455768727
520X238,0.00572541648109
330X363,0.0057335772775
440AX201,0.005737877638
ERROR:#N/A_21,0.00577955353321
330X1277,0.00580625932778
344X236,0.00581054082593
360X641,0.005818549592
312X137,0.00582161829333
330X1291,0.00582779156889
311X210,0.0058381281225
340X198,0.00585729236745
400X100,0.00585921667346
340X192,0.0058804005
360X657,0.005936439
520X42,0.0059399405
750X896,0.00594525752458
440AX128,0.0059460879
360X1297,0.005946756892
750X335,0.00596318183108
330X699,0.00596794705314
330X981,0.00599129630857
750X681,0.00603896706667
330X375,0.00605580493286
311X137,0.006061268795
220X60,0.00606753833471
330X781,0.00606776135
330X878,0.00608713173935
420X100,0.00609878259178
360X663,0.0061092851375
310X151,0.00612378620349
360X425,0.00612955770115
330X248,0.00613909676824
312X423,0.00614036448891
750X1268,0.00614827502313
210X141,0.00615269
360X274,0.00616130351375
440AX151,0.00617811390971
330X119,0.006183528131
360X255,0.00621106683333
750X521,0.0062126048537
520X146,0.00621582
210X178,0.00623283535122
ERROR:#N/A_17,0.006289112518
210X169,0.00631715675778
330X712,0.00632419
440AX62,0.00634196481856
360X1204,0.006348364076
360X897,0.0063537342825
330X946,0.00636364789
750X47,0.006368659794
400X37,0.00637236995667
440AX175,0.00637325417341
750X119,0.00641515450957
344X146,0.00643710360842
420X132,0.00645620094364
210X184,0.00647481630796
210X144,0.00647998259451
360X1138,0.00648699064333
312X351,0.00649536702667
330X172,0.00649738014065
312X643,0.006501384315
750X127,0.006503095275
360X1128,0.0065144625
340X49,0.00651538153375
312X644,0.00651940824429
330X333,0.00657545087812
750X472,0.00658493
360X1299,0.00658866
210X132,0.00658908697316
360X1394,0.00659011439
330X970,0.00660584565214
340X108,0.00660638450391
750X451,0.00662079323444
220X54,0.0066632949649
312X480,0.00667175175897
312X737,0.00667445546706
750X702,0.00670078492254
360X195,0.00670779586591
520X340,0.006743174
330X1042,0.00674851066667
210X201,0.00675638041875
360X659,0.00675866538294
420X92,0.00677083891447
330X1093,0.006786445552
750X615,0.00682004251905
750X743,0.00682271795881
340X107,0.00683537316571
330X288,0.00686241522947
312X791,0.00688726096414
312X632,0.00688972655556
360X233,0.006897506918
312X588,0.00690112203083
330X188,0.0069227216449
750X469,0.00695782348333
344X158,0.00700549008824
311X91,0.00701537663875
330X1130,0.00702589493
330X412,0.0070387920225
440AX142,0.00705890275265
330X398,0.00707028320421
750X856,0.007077077378
520X329,0.00709439
312X266,0.00709461954222
330X157,0.00709937787364
440AX133,0.00715717069915
210X168,0.00715802457
330X1288,0.00716330741769
210X119,0.00716580734137
440AX38,0.007168270312
330X801,0.00717199599706
360X508,0.00717457503738
330X126,0.00720260070174
ERROR:#N/A_4,0.00723919683184
312X668,0.00728586109533
311X119,0.0072940150125
312X559,0.00733567089034
330X46,0.007336447052
750X125,0.00733816877
312X57,0.00733827578622
210X148,0.00736493105947
440AX49,0.00737395019778
312X75,0.00737712351202
330X266,0.00744042201346
330X803,0.00745039390941
750X231,0.00745916809571
440AX80,0.0074674730935
360X532,0.00752770164238
330X335,0.00752897582842
330X689,0.00755412507784
220X224,0.00755484243689
220X143,0.00759913826598
360X555,0.00760011112739
312X165,0.007605098042
440AX171,0.00760696273556
440AX59,0.00764266547179
330X889,0.00764330736259
360X345,0.00766987607143
420X95,0.00767656844156
360X404,0.00768222312412
312X690,0.00770785237503
330X140,0.00773160740269
440AX26,0.00773878502647
210X176,0.00774368251816
330X810,0.0077809282745
340X110,0.007807762648
310X149,0.00781924855754
330X1039,0.0078328941175
311X89,0.00786889638057
311X194,0.00787626031189
330X393,0.00787648072875
330X654,0.00788757911667
750X447,0.0078981942534
330X914,0.00790044
210X6,0.00792767109773
220X16,0.00792921040465
360X334,0.0079443404
750X1061,0.007956029902
311X18,0.0079645652625
312X380,0.00797774188
312X691,0.00800458519609
220X110,0.00803867782482
400X92,0.008052509995
330X1127,0.00805630158769
330X261,0.00806085137353
420X194,0.00806290621989
440AX134,0.00809606635701
420X196,0.00810407678444
312X59,0.0081085630525
750X518,0.00811617863
520X158,0.00811917609441
750X165,0.00814008451247
344X246,0.0081409017151
220X8,0.00820726870627
360X514,0.00821497
330X442,0.008234212042
340X109,0.00826115998364
750X113,0.00827165757103
420X148,0.00831214
520X243,0.00834637264897
220X118,0.00834906508671
210X180,0.00836007833145
330X462,0.00836173609781
360X368,0.00836256776875
210X121,0.00839566884935
750X168,0.00843170142333
312X768,0.008437327112
330X1087,0.00844735118865
344X226,0.00845308049904
360X1268,0.00849870949
330X557,0.00858190221958
360X477,0.00860586759767
330X102,0.00861325258719
311X195,0.00873444669373
330X413,0.00875113616
520X93,0.008770165968
344X53,0.00877487489333
750X1288,0.00877783597031
420X192,0.00880354537391
330X714,0.00880434539
750X345,0.008863202551
440AX24,0.00891970663952
210X151,0.0090330121125
330X1287,0.00908706039314
344X244,0.00913378336867
440AX205,0.00920749956833
340X139,0.00920768940333
330X705,0.00923065
440AX135,0.00927693108941
312X670,0.0094266596587
360X535,0.00944469577286
310X158,0.0094589088334
750X166,0.00952860846667
210X207,0.00958308454157
330X463,0.00961432163188
360X1040,0.009619010832
420X213,0.0096756158928
312X67,0.0096824495195
311X191,0.0096980419875
310X132,0.00971146620633
750X744,0.00971652833143
312X142,0.00977223812608
750X198,0.00979790926963
440AX174,0.009840770556
330X443,0.00984288654806
750X4,0.00997310218235
420X205,0.0100052627666
360X1329,0.0100216392842
ERROR:#N/A_6,0.0102071140922
330X616,0.0102376316857
312X51,0.0102419055112
750X373,0.0102769
311X182,0.0103100362961
440AX138,0.010314504856
312X516,0.0103195871336
312X631,0.0103525638925
750X1007,0.010387504482
360X554,0.0103885670941
420X91,0.0104333713643
330X588,0.0104336874654
440AX67,0.0104785137274
330X1117,0.0104845969017
440AX193,0.0104849573895
520X127,0.0105017930567
420X215,0.0105489412829
360X488,0.010550077842
311X211,0.0106319712205
330X1166,0.0106408855586
360X343,0.010707
210X156,0.0107909466235
330X173,0.0108001332
330X107,0.0108177410417
210X190,0.0108291477832
520X249,0.0108323967773
340X81,0.010864737595
330X221,0.0108931927282
330X193,0.01091580181
330X771,0.0109283429306
312X477,0.0109407062883
330X271,0.0110275303024
420X112,0.011054851625
312X642,0.011088819476
312X580,0.0112070762925
360X1029,0.01122623509
330X238,0.0112663378492
312X447,0.01132006905
330X1128,0.0113793929444
330X202,0.0113803724986
440AX148,0.0113812010574
210X166,0.0113886222091
330X1090,0.0113892660614
311X200,0.0114238562792
312X564,0.0114821527391
330X1285,0.0115339057122
420X211,0.0116015756212
360X403,0.0116040647271
330X403,0.0116067784508
330X376,0.0116193255
330X167,0.0116467200079
330X236,0.0116502836468
210X51,0.0116645085782
440AX192,0.0116734714763
440AX194,0.0117245847089
330X196,0.011784869865
360X743,0.0118516126258
310X152,0.0118840237546
330X772,0.0118940356594
330X56,0.011946416545
750X1017,0.0119485280868
330X422,0.0119497381164
750X900,0.0119558
210X133,0.0119641419672
750X196,0.0119967657143
750X527,0.01199837
360X856,0.012000342342
440AX139,0.0120703912184
360X625,0.0120745476122
210X162,0.0120870768075
330X296,0.0121009226433
420X15,0.0121049773516
750X1109,0.01216698
750X299,0.012167359475
312X634,0.01222052892
330X567,0.01229032731
420X14,0.0123194180008
311X88,0.0124252777648
750X59,0.012503251725
520X25,0.0125071350787
360X177,0.0125215325008
310X34,0.0125560888258
310X170,0.0125705291082
210X120,0.01259565608
344X259,0.0127281236605
750X449,0.0129150747018
440AX188,0.0129739912816
210X158,0.0130133377436
340X13,0.0132771300869
330X744,0.0133186
330X1294,0.0133506
440AX159,0.0133789930365
330X51,0.0134144189402
330X201,0.0135737308753
360X1331,0.013621905475
330X737,0.0136234433333
520X113,0.013686283
312X286,0.0137435166027
330X757,0.013753
330X711,0.013756859945
330X452,0.0138530160786
420X97,0.0138618932722
330X279,0.0138807923889
360X885,0.0140024725141
750X631,0.014077813576
750X213,0.0141146812244
750X635,0.0141881185155
210X206,0.0142952984904
312X552,0.0143060522688
420X217,0.0143525774683
440AX101,0.0143725176855
360X385,0.0144924
420X94,0.0144971591194
311X152,0.0145518
750X217,0.014561221722
311X212,0.0145714210011
344X37,0.0147011875073
312X469,0.014705343531
750X131,0.0147479662452
360X115,0.0148197000329
750X653,0.0148753256519
750X625,0.0149140249733
400X192,0.0150056239138
750X629,0.0150280384347
220X168,0.0150638685654
360X597,0.0150861002403
420X99,0.0151331790946
311X112,0.0151781191525
750X659,0.0152190420532
312X741,0.0152558403632
311X87,0.0152594568125
750X1106,0.0152947217707
330X971,0.0154083713333
360X440,0.0154716
312X676,0.0155102515362
360X618,0.0155157889522
360X619,0.01559303645
210X134,0.0155973864217
750X1290,0.01575797855
360X544,0.0158495344364
750X1245,0.0158808181386
330X326,0.015892172448
330X1167,0.01589664725
520X91,0.0159242966667
340X11,0.015994622505
210X102,0.0161205295531
360X621,0.01620466947
440AX68,0.0162273644383
750X611,0.0162484335024
340X46,0.01626652217
330X583,0.0163493967232
750X655,0.0163502483183
220X223,0.0164688954342
330X1170,0.016475638866
311X192,0.0164853783159
360X226,0.0165372
330X633,0.0165490683886
750X647,0.0166710671067
520X432,0.0167762272846
750X1083,0.0169119411233
360X33,0.017056614356
420X30,0.0173787570084
311X209,0.0174673189587
440AX116,0.0175013775072
312X66,0.0175491617637
360X426,0.017610319666
312X154,0.017619915
360X776,0.0176232223767
330X681,0.0176997525
330X1147,0.0177543598378
330X1150,0.017764068
330X433,0.0177701351231
360X859,0.0177882
360X9,0.017802019
750X613,0.0178642883083
360X886,0.0179955010794
310X174,0.0181144039305
220X169,0.0181271588416
420X193,0.0181553023592
750X549,0.0183095
360X1267,0.0183232646715
420X188,0.0183842886538
360X179,0.01840578358
520X1,0.0185597905559
340X15,0.0185776718921
210X167,0.0186143705994
310X157,0.0186975648504
330X57,0.0187488215
330X592,0.0188309345692
360X238,0.0188405981311
330X182,0.019069778549
520X76,0.01912138239
330X590,0.0192672207622
750X289,0.0194247
311X21,0.01973398
330X177,0.0197931316995
360X122,0.020027729876
750X1084,0.02016135845
210X71,0.0201691870064
750X1094,0.0202922542708
750X356,0.0203246441433
330X775,0.0204388995
330X269,0.0205179448475
311X74,0.0205428608551
330X1133,0.020582
310X206,0.02063513624
220X166,0.0207130902926
330X804,0.020777152675
330X928,0.02127843934
311X197,0.0214494304947
330X256,0.0217417129609
750X1248,0.0219372282667
330X133,0.0221103237227
360X647,0.0222011460107
210X228,0.0222557918658
420X40,0.0227571806609
312X53,0.0228235512688
330X292,0.022847505
330X933,0.022849797985
210X229,0.0228668263346
312X359,0.0232017772215
344X71,0.023213
330X510,0.0233225112967
750X294,0.0236252206068
360X491,0.023837591235
210X36,0.0238681433946
750X633,0.0245959710909
360X541,0.0253848
360X1270,0.02542307
750X26,0.025486604665
750X61,0.0259123
420X189,0.0261846142271
520X363,0.02629691389
750X25,0.0263447506363
210X136,0.02642705997
340X193,0.0268358194517
360X59,0.0269986104333
340X35,0.0272244
750X305,0.0272638633675
312X558,0.0275946927415
520X366,0.02764454975
360X889,0.0280456
311X190,0.028099865164
330X358,0.028282429143
750X1095,0.0285634033333
750X185,0.0286359673936
520X345,0.0286518075
750X346,0.028763920364
750X333,0.02980369
360X551,0.0299151
440AX170,0.03010536579
750X195,0.0301499752143
750X50,0.0302289
750X746,0.0303638573455
330X1280,0.0303796608617
360X853,0.0313111666975
360X744,0.0313367235622
360X712,0.0324472295786
310X139,0.0329372262188
750X1252,0.0331728
340X69,0.0336889571717
750X1105,0.0337788344134
750X180,0.03443800046
330X632,0.0346713
750X621,0.0349116386828
520X246,0.035027330865
750X609,0.035422367
750X1166,0.0359259
330X1307,0.0359723119
750X1062,0.0360483027267
312X424,0.0361580743892
440AX212,0.03647500725
520X144,0.0367111937476
750X674,0.0368582585
360X854,0.0376732558093
360X429,0.0378046
420X41,0.0379508775778
312X245,0.039272562982
312X55,0.0399560336606
750X171,0.0400844135
520X77,0.0407585183
750X129,0.040838858424
750X206,0.0414875
360X61,0.041519275
310X140,0.0432483141667
310X138,0.0438636113731
330X13,0.044078
330X1256,0.0449091
360X228,0.0455376797311
750X1116,0.046014640986
310X21,0.04690428155
750X623,0.0469916647964
311X26,0.0516252715639
344X145,0.0532304118793
750X704,0.0557338
330X701,0.0564764153364
520X358,0.0571269
360X239,0.059769215626
750X1358,0.06081433
330X882,0.06083228921
311X189,0.0636525516893
360X1249,0.063826676
360X611,0.0640592888837
360X713,0.0674316
330X702,0.0675730099913
311X196,0.0685242582034
312X93,0.0686827222222
312X163,0.06971875
330X881,0.069735544
360X626,0.070366877725
312X193,0.0711229
311X25,0.0716731139327
360X769,0.0723995
360X627,0.0728208
360X123,0.07637624724
750X643,0.078579900905
750X1360,0.0811294633333
750X1138,0.0820077011088
750X1383,0.0841484
360X857,0.0875644666667
330X684,0.0912442
750X1065,0.11057325
750X1140,0.11210577242
330X698,0.123161
520X351,0.14038788805
311X223,0.148957176697
360X1191,0.161494
311X184,0.166569386535
750X1142,0.2067635
311X183,0.212038445328
