index,Random Forest,Lasso,xgb_dart,Value
0,2.7191317302,2.73176471818,2.68078756332,2.814025348
1,2.81972710578,2.89648298849,2.80256056786,2.782954705
2,2.69565340735,2.8779471312,2.73651909828,2.72597336
3,2.7993692634,2.8858973335,2.76772165298,2.794768371
4,2.739525059,2.67743557055,2.68641328812,2.787539201
5,2.72081970871,2.67013786743,2.69899106026,2.569175163
6,2.90167537955,2.95670336414,2.9156870842,2.965823723
7,2.97905299342,3.09910516951,2.97297549248,2.965823723
8,2.8056342089,2.74517528004,2.75042271614,2.773920951
9,2.77492219315,2.87293842963,2.79955887794,2.773920951
10,3.149907778,3.07511793059,3.17777609825,3.197219462
11,3.1180317647,3.14644573275,3.18968653679,3.197219462
12,3.0929696483,3.06662157073,3.09133505821,3.112323341
13,3.1395363698,3.15737584142,3.10150575638,3.112323341
14,2.7567945751,2.75521774497,2.7754650116,2.756221803
15,3.008665263,3.10716659376,3.06124329567,3.122650814
16,2.9612235492,2.96949414606,2.88979077339,2.952163652
17,2.8388196829,2.92211426432,2.85065984726,3.068079987
18,2.7500949725,2.71290046119,2.67063069344,2.652616912
19,2.91718793851,3.00250447851,2.93237900734,2.954648254
20,2.79430824098,2.76985296472,2.74310064316,2.739788864
21,2.9115109405,2.95660741155,2.87377309799,2.908289216
22,2.7753598896,2.86585570375,2.79825615883,2.911308341
23,2.7450895803,2.71637634403,2.75271868706,2.77797922
24,2.7703397418,2.65367151926,2.81223487854,2.561720852
25,2.75743454178,2.76484535856,2.78716778755,2.751734564
26,2.95530808833,3.03219676667,2.92560625076,3.018343098
27,2.63281419655,2.8043997568,2.7188436985,2.69196539
28,2.7042696534,2.81874622246,2.74562954903,2.722004799
29,2.702867904,2.79716179081,2.82051539421,2.769098405
30,2.73538039338,2.70771456126,2.74846363068,2.649478629
31,3.0516624466,2.85768628036,2.89377236366,2.962306311
32,2.8540670456,2.69017850195,2.73687553406,2.732028564
33,2.86935963885,2.74097544188,2.89067053795,2.94724567
34,2.89009833297,2.87930989674,2.9529709816,2.94724567
35,2.82396740405,2.74985289609,2.86399269104,2.877755523
36,2.87346776265,2.85292565655,2.89242768288,2.877755523
37,2.9960983496,2.97702017813,2.97023749352,2.975450932
38,3.00810648263,3.07264840481,2.98847126961,2.975450932
39,2.7671855996,2.78054729883,2.7770960331,2.783130311
40,2.83618869517,2.86414645392,2.81988072395,2.783130311
41,2.80118609289,2.72486096735,2.80435419083,2.834119417
42,2.81609527243,2.88501567086,2.85935783386,2.834119417
43,3.07235483202,3.07519247462,3.1279425621,3.133830561
44,3.08116100417,3.20215084823,3.14247608185,3.133830561
45,2.78874973917,2.82719453196,2.82004308701,2.845201545
46,2.75889841462,2.89218948318,2.85087156296,2.845201545
47,2.79351402288,2.67450245865,2.79735803604,2.804543811
48,2.8239245722,2.77928537604,2.82200503349,2.804543811
49,2.9715623981,3.04626589932,3.16389703751,3.291524705
50,3.1855417905,3.13607071222,3.27142953873,3.291524705
51,2.8112512111,2.86226987232,2.88906955719,2.96803747
52,2.89391704959,3.12721644979,2.99024987221,2.96803747
53,2.7398005866,2.60281473342,2.82979178429,2.864424125
54,2.7996668835,2.76581639088,2.88672566414,2.864424125
55,3.14619425125,2.96859799644,3.13133049011,3.172917341
56,3.1459043348,3.08386969405,3.19384622574,3.172917341
57,2.9488781297,2.81368613299,2.96613121033,2.999257371
58,2.89531283343,2.95874598674,3.03041100502,2.999257371
59,2.8728110438,2.81950412432,2.94388079643,3.037601015
60,2.77842141395,2.85671908537,2.80953598022,2.698237117
61,2.65833606533,2.7545240349,2.75710248947,2.465032837
62,2.95635189343,2.83722183457,2.94438838959,3.102291784
63,2.7196914915,2.74774318698,2.69119477272,2.77379164
64,2.6780963911,2.58160539238,2.60973381996,2.593500139
65,2.84021830675,2.75658426249,2.72754311562,2.623930919
66,2.79432086218,2.84558027431,2.73275756836,2.615979225
67,2.71545186109,2.5833678178,2.69980716705,2.625093932
68,2.8945366714,2.89054461419,2.84880304337,2.701172087
69,2.73411362715,2.74942650583,2.77161359787,2.716429837
70,2.74685645095,2.82120366047,2.78081178665,2.774193057
71,2.70119379915,2.69523694186,2.69506764412,2.578657692
72,2.693011661,2.61311811604,2.74079632759,2.898557361
73,2.98333112,3.01593130963,3.03570795059,3.241420861
74,2.915364304,3.18764551674,3.03708100319,2.987806723
75,2.7507885014,2.82716918213,2.75289082527,2.86922614
76,3.0034756335,3.17098691214,2.88873910904,2.917692051
77,2.8261234596,2.90504862714,2.81968522072,2.681241659
78,3.0000652477,3.13287506187,2.97496819496,2.87105248
79,2.70809533484,3.01118938224,2.79596447945,2.932151841
80,2.76705692851,2.94122025141,2.85439968109,2.858548119
81,2.95157262762,3.08469950651,3.14531779289,3.167575394
82,2.93470827187,2.99942679558,2.95256304741,2.738104156
83,3.0076522491,3.10100071682,3.04519271851,3.172648015
84,2.7444877212,2.85513518061,2.79505848885,2.903242549
85,2.8901288326,3.04906346194,3.03841018677,2.911705985
86,2.83191152698,2.93213973753,2.85770583153,2.94275933
87,2.6189354965,2.79519698821,2.64641571045,2.634258398
88,3.2334128179,3.17488066825,3.24469399452,3.315515136
89,3.25527033777,3.19721231831,3.274071455,3.315515136
90,2.91128729178,2.9931256025,2.93655133247,3.190142773
91,2.77952290387,2.76379055527,2.79969167709,2.848968417
92,2.8397164939,2.86135584981,2.86109137535,2.848968417
93,2.82231389973,2.86194457213,2.91056251526,2.968626496
94,2.88484011424,2.94109674393,2.97260594368,2.968626496
95,2.8053836626,2.79669579091,2.83070921898,2.833847981
96,2.88098849445,2.83774492117,2.80943036079,2.833847981
97,2.72130866981,2.79476870886,2.82833766937,2.797418875
98,2.7976327489,2.7297065788,2.76088166237,2.914493936
99,2.949056489,2.9884601418,2.61349058151,2.690286106
100,2.8029948353,2.80384733445,2.68810200691,2.570733582
101,2.8438969795,3.1000986649,2.84789061546,2.805351298
102,2.75345750324,2.70767565447,2.67290186882,2.477765258
103,2.92679919477,2.81479229007,2.87571549416,2.931318458
104,2.88048639088,2.8623643145,2.94324398041,2.931318458
105,2.93941579585,2.96626444404,2.8790063858,2.855838648
106,2.5545126069,2.70578912728,2.52133536339,2.523999419
107,2.66391156199,2.61128943398,2.69901299477,2.48745372
108,2.97618704142,2.86027821228,2.88390398026,2.804331076
109,2.7363597578,2.59794342526,2.839220047,3.018355269
110,2.9897751895,2.89682398087,2.89245319366,3.180054898
111,2.75875463494,2.78802052604,2.81872105598,2.814487545
112,2.9001891473,2.86247526591,2.79400634766,3.051406034
113,2.63514856413,2.692569642,2.73558115959,2.676581235
114,2.69791304105,2.71540836918,2.78033232689,2.592809898
115,2.8137338622,2.84449918892,2.81207156181,2.96242914
116,2.89228983947,2.66371297459,2.81133532524,2.721445239
117,3.02300269096,2.90472623057,2.87605118752,2.968850879
118,2.68010146733,2.75758721388,2.65618491173,2.860807064
119,2.65304147185,2.67799164908,2.76285004616,2.51781636
120,2.58462604357,2.59381858283,2.5645160675,2.550092028
121,2.6898381573,2.72107854243,2.57553219795,2.552244475
122,2.78189196753,2.91543023778,2.9162094593,2.836407742
123,2.57034570142,2.66540056242,2.64705324173,2.680611836
124,2.6688639878,2.68261558148,2.60129117966,2.747073739
125,2.63749109837,2.66239294441,2.71617746353,2.613716775
126,2.67785785987,2.60716948613,2.68215894699,2.633580801
127,2.7201011614,2.72397184452,2.7752802372,2.720294639
128,2.8797269515,2.73081388648,2.83174228668,2.81364699
129,2.573828826,2.70124794112,2.68457889557,2.652038447
130,2.66710026563,2.80258613264,2.57710433006,2.733161914
131,2.64531024705,2.60904449851,2.62814617157,2.526530336
132,3.12653232858,2.56200485588,2.86528491974,2.966771091
133,2.7165099586,2.69774350237,2.7690653801,2.70988517
134,2.64886238082,2.67826142842,2.7849984169,2.753849356
135,3.1941510847,2.9617385497,3.10680651665,3.293657966
136,2.77633306597,2.68564154798,2.80553150177,2.727910633
137,2.97323452232,2.94755261781,3.03444385529,3.212445451
138,2.7303768178,2.73666220027,2.68838191032,2.392132212
139,3.10618337102,2.9735565999,3.20228409767,3.26448417
140,2.68832911162,2.6221117073,2.7604701519,2.781800894
141,2.9190882913,3.14807489221,2.91883349419,3.239327367
142,2.8680170873,2.69203186839,2.70576190948,2.618883136
143,3.0732054774,3.09764532442,2.98183107376,3.148869379
144,2.7699319246,2.69957723539,2.71252202988,2.594291822
145,2.9585798358,2.8041838454,2.83486819267,2.743173148
146,3.0577165129,2.95378489854,3.0481774807,3.159141659
147,2.66554343203,2.60351541675,2.7029979229,2.746655811
148,2.63059390655,2.73622692133,2.65910243988,2.696567318
149,2.8093755626,2.82946268352,2.88886523247,2.974160807
150,2.8564438142,2.7718392013,2.74583482742,2.855543556
151,2.5626698418,2.57122277443,2.55273890495,2.509588912
152,2.6116566732,2.54033096949,2.53811860085,2.509588912
153,2.98299786776,2.85203393442,2.87103366852,2.617799515
154,2.8657568199,2.68722380852,2.85343050957,2.668283754
155,2.73026779119,2.67476416276,2.79520010948,2.627527598
156,2.89057478493,2.82046919413,2.97585940361,2.860157602
157,2.8262970598,2.65494800631,2.77945542336,2.951581428
158,2.60384026492,2.6621178567,2.62898230553,2.59284404
159,2.5911697539,2.64048546357,2.60572552681,2.57241873
160,2.7232108256,2.77182997452,2.65623164177,2.86509253
161,2.8686020667,2.91240179107,2.75998544693,2.73940222
162,2.7760683006,2.76322966675,2.68214917183,2.634898049
163,2.91212179707,3.10858974427,3.00317454338,2.836436152
164,2.94523169964,2.9697557437,2.98378324509,2.951970746
165,2.70768972007,2.74646275072,2.71898770332,2.745638322
166,2.7206745419,2.65461774665,2.70672249794,2.598219439
167,2.7232386965,2.64827520024,2.75251030922,2.775934758
168,2.9460616355,3.04301688695,2.98378372192,2.712840212
169,2.6148156785,2.55875130272,2.62018108368,2.361414896
170,2.7062982498,2.81952817829,2.7977809906,2.563641179
171,2.9874973549,2.96100830217,3.04166960716,3.085051197
172,2.6390893271,2.56062230703,2.43645095825,2.377519379
173,2.836120415,2.70508133481,2.80157375336,2.903689477
174,2.8043099249,2.6938464274,2.79456210136,2.74162572
175,2.8089100939,2.83580313987,2.79283738136,2.902701966
176,2.84662184267,2.76380886538,2.80458712578,2.812202769
177,2.99901094999,3.00249969092,2.87012553215,2.759996424
178,2.6909951048,2.80273569568,2.70580792427,2.653368932
179,2.86587804167,3.13145358138,3.04016423225,3.229515197
180,2.8086516257,2.88386346334,2.90745234489,2.942394417
181,3.1400240852,2.95931132321,3.06484913826,3.090007015
182,2.83345034313,2.82047780482,2.75875282288,2.775762466
183,2.8125123511,2.83267625612,2.88258647919,2.819118481
184,2.75748155095,2.72287739938,2.74028229713,2.742963958
185,2.9033018955,2.9479714561,2.94107460976,2.963629511
186,2.898711363,3.11088923727,2.96575570107,3.127391098
187,3.01108742002,3.02658031308,3.00621342659,2.936085928
188,3.0329577072,3.00465739285,3.05986142159,2.773995943
189,2.8829317412,2.7887007977,2.84798502922,2.841722784
190,3.0414970316,2.88257735573,3.13073396683,3.35342075
191,3.01617978533,2.78685999251,3.00734305382,3.083786386
192,2.9987530608,2.89024290301,2.94297909737,3.011142049
193,2.8340536886,2.88538791475,3.06970286369,3.168588307
194,2.8406626896,2.73940591277,2.70932888985,2.721349542
195,2.66653381787,2.74862966955,2.6523771286,2.692865345
196,2.73690976759,2.61662250255,2.70776891708,2.615166576
197,2.84676125325,2.8546830895,2.87670016289,2.931800265
198,2.9127507969,2.97096438121,2.95519089699,2.980213987
199,2.7769497475,2.86344630434,2.70099663734,2.831496652
200,2.7619261939,2.89119525929,2.7878408432,2.742549875
201,2.72204883338,2.77769495656,2.74267673492,2.5787735
202,2.6927791696,2.74877899481,2.68358588219,2.749707674
203,2.6110840787,2.77804582811,2.65834712982,2.62967518
204,2.6702122709,2.8126148275,2.63377380371,2.598832048
205,2.9459804023,2.79314443155,2.71332001686,2.357419801
206,2.70032245292,2.67078962204,2.6618411541,2.572338515
207,2.70635321441,2.76024778849,2.6755657196,2.687268466
208,2.6318755566,2.72912329302,2.68889570236,2.629165981
209,2.8224870207,2.75764702773,2.88470077515,2.958736015
210,2.8781954278,2.7899189343,2.7473449707,2.967283003
211,2.6496272496,2.62796025788,2.65937662125,2.643035222
212,2.8352116961,2.6270030892,2.70085215569,3.019429386
213,2.9854964075,3.02498203676,2.91109132767,3.040403152
214,2.8099253426,2.83843957797,2.69706082344,2.87173472
215,2.63897832045,2.73927516756,2.713098526,2.561943068
216,3.00709588183,2.97413306045,3.0221889019,2.976135439
217,2.6549937471,2.7099914325,2.70362901688,2.514249462
218,3.0983909313,3.09492256612,3.04576826096,3.01917636
219,2.9553504444,3.06810845323,2.7639632225,2.690453077
220,2.71102370027,2.60896138162,2.80955839157,2.822620932
221,2.71098742387,2.68725743264,2.8415915966,2.684921148
222,2.65600866461,2.83357268468,2.8503074646,2.676292513
223,2.9772596027,2.83670372197,2.98872447014,3.070934639
224,2.9595906621,3.00118183945,3.0473484993,2.981764985
225,2.8531171728,2.82998288495,2.87914085388,3.082238087
226,2.74629543231,2.64436290981,2.60867857933,2.613698854
227,2.70320743696,2.69409798275,2.71151208878,2.686328583
228,2.633507888,2.7174472314,2.64520096779,2.769121068
229,2.53423077564,2.64762034265,2.54282212257,2.38594039
230,2.5903582219,2.63690770999,2.60178875923,2.536356875
231,2.9786096502,2.80757275348,2.88498735428,2.837624732
232,2.67168067286,2.60091769559,2.7858812809,2.524959073
233,2.68380998743,2.64009045522,2.69493770599,2.516241556
234,2.8855382053,3.02366318266,2.82701826096,3.126440697
235,2.81582203946,2.72901347675,2.66725611687,2.834022462
236,2.9077878631,2.91728223731,2.97657680511,3.004899826
237,2.6642280135,2.66538063944,2.77101111412,2.724268179
238,2.8651945072,2.71708571309,2.79182600975,2.832889035
239,2.88238901826,2.78683606751,2.90850496292,2.831951083
240,2.7427858927,2.62221076417,2.69419074059,2.654602326
241,2.825694127,2.92737948927,2.88415193558,3.135778944
242,2.6042842978,2.60151032096,2.65000534058,2.639920023
243,2.5633814473,2.52621804376,2.48380374908,2.47224117
244,2.6667638191,2.52698408211,2.48320484161,2.469163064
245,2.51865554507,2.46858349644,2.44272708893,2.29618389
246,2.5226811436,2.69926995568,2.49049854279,2.458598314
247,2.60916385952,2.5593825123,2.64169716835,2.701673356
248,2.44244983125,2.49207514511,2.47953820229,2.468450205
249,2.5680248649,2.57252143568,2.52040529251,2.524142655
250,2.57755900005,2.56067489106,2.59012651443,2.57599297
251,2.64692592414,2.63183566365,2.5578482151,2.53784975
252,2.66666363403,2.43351070398,2.62683868408,2.50655467
253,2.6870295899,2.61168594365,2.64942860603,2.941386455
254,2.7982598059,2.75507424605,2.75163793564,2.850796258
255,2.8970766489,2.87041167881,2.85682058334,2.771272807
256,2.70238169039,2.70262902346,2.76539182663,2.760341973
257,2.9596978609,2.7859011778,2.78029847145,2.854402593
258,2.6644568498,2.83955660411,2.78075456619,2.643564111
259,2.6641043057,2.65761675006,2.6575357914,2.485312184
260,2.59751204107,2.66014609009,2.63675403595,2.623553576
261,2.58875824787,2.5225285976,2.64803528786,2.453483985
262,2.6085971959,2.64763821518,2.65010404587,2.49376917
263,2.598000513,2.64489579989,2.60230398178,2.531765269
264,2.52719595662,2.65160951687,2.67008948326,2.569353841
265,2.56952266087,2.59877918055,2.61200833321,2.46729667
266,2.70327055898,2.74789496572,2.69850444794,2.745617398
267,2.7452724181,2.82150112095,2.76772093773,2.860913379
268,2.7183921069,2.79967731932,2.71242952347,2.692888261
269,2.67793934034,2.85344145,2.77924323082,2.822822178
270,2.535439783,2.59979331603,2.64815139771,2.612751694
271,2.65723063375,2.70495614216,2.66877937317,2.49336396
272,2.71977008462,2.69729618849,2.67932724953,2.783918028
273,2.53136822313,2.58823297666,2.59468269348,2.55813075
274,2.59015284204,2.58414685971,2.59260296822,2.644948659
275,2.59103789393,2.62590201584,2.6225733757,2.48667083
276,2.55999963593,2.50962999719,2.50536966324,2.603230689
277,2.69418527096,2.70869452238,2.52832746506,2.553154519
278,2.57147793129,2.54496089585,2.54058384895,2.615341871
279,2.6172749942,2.67967384078,2.5509147644,2.746890678
280,2.8341877661,2.7734186543,2.77477192879,3.014583129
281,2.63801013563,2.73877849619,2.60353755951,2.451660417
282,2.7114370024,2.54232299295,2.64627385139,2.56356248
283,2.5999342141,2.59305738423,2.69187760353,2.578598856
284,2.6770192099,2.71350173357,2.70269417763,2.815024458
285,2.6832713106,2.58180198886,2.70418262482,2.637490269
286,2.69304842884,2.74778953298,2.83640122414,2.936890557
287,2.70244334403,2.6465951047,2.70766758919,2.68862328
288,2.6107669152,2.75344554946,2.6704621315,2.553441307
289,2.71797025575,2.64786456048,2.68564653397,2.550327038
290,2.6526651608,2.72834940695,2.75972771645,2.749089492
291,2.7154282228,2.7529156827,2.71592903137,2.648791057
292,2.74483284602,2.75879247348,2.7908976078,2.472396917
293,2.7924958921,2.78282412558,2.79432535172,2.816536303
294,2.8186737427,2.77302437048,2.83370280266,2.816536303
295,2.56678699988,2.56309820903,2.50493574142,2.526609985
296,2.59142431993,2.57297360209,2.55895233154,2.526609985
297,2.96140490589,2.81380179469,2.89556765556,2.933877606
298,2.92100546406,2.81077785316,2.95838451385,2.933877606
299,2.6299866385,2.68505789765,2.51345896721,2.681711898
300,2.5298190405,2.65745917832,2.57461738586,2.576779152
301,2.68579769633,2.72325572791,2.66990494728,2.47738628
302,2.60329347526,2.62813838926,2.63203477859,2.419965015
303,2.63196877873,2.61774776894,2.65646958351,2.662665682
304,2.60386208613,2.84680836395,2.77173948288,2.744171212
305,2.59963359364,2.5739384408,2.68886995316,2.491312761
306,2.6635634535,2.65899409529,2.59664654732,2.576756742
307,2.7476861458,2.4673338582,2.76112961769,3.07970701
308,2.5991559977,2.71753547276,2.59101581573,2.687174487
309,2.9356928022,2.95556374454,2.88451528549,2.922610106
310,2.69873620438,2.72641864289,2.85966253281,2.922131443
311,2.68245054203,2.67671640293,2.74639081955,2.639938268
312,2.6257806913,2.72929076161,2.73705530167,2.718709702
313,2.9255258184,2.81357342155,2.89672684669,2.854697725
314,2.66874033155,2.85692258476,2.78505659103,2.991576205
315,2.73795516214,2.69636812746,2.73447871208,2.693697265
316,2.65280492934,2.55050181509,2.69647097588,2.668269962
317,2.6486735496,2.71913588508,2.73365521431,2.617128163
318,2.6306067173,2.69735426748,2.7571439743,2.84725914
319,2.6785532787,2.73808993985,2.68338942528,2.791144424
320,2.6566314841,2.71606007509,2.66875433922,2.655960318
321,2.75110858417,2.71791956254,2.68606925011,2.799081699
322,2.9014182254,2.82770865131,2.81227588654,2.798481109
323,2.9671559266,2.99552028751,2.99618124962,2.790042098
324,2.6431271986,2.6589920247,2.71522116661,2.650770705
325,2.6150276455,2.56946207407,2.7155854702,2.514556255
326,2.60630793929,2.70539553118,2.71262359619,2.651692409
327,2.72146211,2.7951961217,2.75488829613,2.849412655
328,2.67185747532,2.79446338419,2.75870108604,2.738566557
329,2.6043803382,2.73370130051,2.6775457859,2.705621943
330,3.0858239814,2.83241373374,2.77194786072,2.920682947
331,2.68064230741,2.68745857567,2.63889503479,2.670264652
332,2.714660106,2.67975867413,2.76959085464,2.520464193
333,2.70317901227,2.72056553543,2.76612114906,2.811171614
334,2.7221361928,2.49203000455,2.77450680733,2.732489326
335,2.6333640611,2.58577187479,2.46478533745,2.413039909
336,2.93091855816,2.88969210963,2.70962572098,2.811028568
337,2.54469714365,2.58403108696,2.69994401932,2.528241723
338,2.8848768152,2.84730927493,2.82884407043,2.921766
339,2.6667617743,2.77424806325,2.7396967411,2.656007161
340,3.0014827811,2.86422664227,2.93199634552,2.950233746
341,2.8930697006,2.82388512768,2.82803106308,3.017102
342,2.7171439827,2.77879614801,2.77572822571,2.639642314
343,2.70349889317,2.84723615471,2.73240661621,2.427929627
344,2.66328011427,2.68596673094,2.57093691826,2.510633208
345,2.5967424414,2.80505385206,2.65940117836,2.791738485
346,2.6963522725,2.84969733519,2.74844765663,2.536575189
347,2.735282874,2.8005236189,2.70546770096,2.715058504
348,2.7075697246,2.86526837949,2.76366424561,2.746092731
349,2.77680963953,2.7891653151,2.78632378578,2.677818652
350,2.85118679843,2.93533255308,2.87681412697,3.037642951
351,2.62810561981,2.55088995438,2.57331109047,2.644677186
352,3.1139506088,2.95593810581,2.97576880455,2.792201269
353,2.6928987802,2.48377022774,2.71456336975,2.744722598
354,2.6495731989,2.60922790278,2.63844013214,2.601928625
355,2.9494839565,2.88467360778,2.76852154732,3.059603477
356,2.61132940238,2.80103620152,2.77267169952,2.657154602
357,2.64488720642,2.55741978657,2.66822385788,2.759472443
358,2.59708031475,2.7611705652,2.70320725441,2.610705189
359,2.7935183278,2.80932692901,2.74368977547,2.596387038
360,2.6960954645,2.75932643006,2.54411363602,2.622993157
361,2.8725016553,2.97481990385,2.80589056015,2.82572002
362,2.7139287993,2.75806365121,2.66721940041,2.829734193
363,2.6293563196,2.71216468188,2.63385415077,2.516674697
364,2.711606511,2.63283592478,2.72312569618,2.796450375
365,2.6839611722,2.68004976227,2.6646463871,2.666811451
366,2.66585731379,2.6622082697,2.75942444801,2.769527072
367,2.7186053195,2.69531400657,2.66196775436,2.545991439
368,2.6342874632,2.6230547838,2.71517157555,2.698577619
369,2.6133958981,2.6413037815,2.69734334946,2.37249598
370,3.0532407554,2.87061906569,2.96087169647,2.940347336
371,2.7281148259,2.70234363327,2.77296733856,2.911923227
372,2.7636835842,2.71181499059,2.69806790352,2.534138602
373,2.8069804687,2.8626306219,2.81408882141,2.836565439
374,2.68077095424,2.57288577111,2.67465114594,2.766213515
375,2.64190216614,2.66893572094,2.66613936424,2.514119727
376,2.5567538536,2.732427732,2.67071080208,2.58050858
377,2.7127342469,2.72498228612,2.6771903038,2.612053117
378,2.6521199597,2.73962845444,2.67079114914,2.666678178
379,2.7167319336,2.70188134038,2.71361708641,2.88418861
380,2.66889028587,2.71990301524,2.7476580143,2.635002964
381,2.94466631192,2.9243452106,2.85610699654,2.732614288
382,2.76561322863,2.67007815033,2.77722668648,2.795841687
383,2.6918805947,2.70242981286,2.76279973984,2.603203013
384,2.8908872562,2.9320131675,2.91243219376,3.090623826
385,2.78849015597,2.61023407109,2.74199390411,2.915972051
386,2.7642867276,2.66780199194,2.62755656242,2.57220427
387,2.71341847193,2.60982473147,2.6382958889,2.496214763
388,2.8911495196,3.03018480338,2.80243372917,2.770193313
389,2.72236204498,2.66715947535,2.76005411148,2.598982185
390,2.72610880924,2.72227006621,2.75436139107,2.869313571
391,2.54548283102,2.6279532292,2.64936423302,2.480934482
392,2.8882484312,2.84322260079,2.8778386116,2.848401096
393,2.6780593738,2.60865704003,2.69964528084,2.861041451
394,2.692053513,2.71439362455,2.64125537872,2.587551193
395,2.71442648397,2.73504842542,2.76201438904,2.931494227
396,2.6312118081,2.6904740983,2.62722706795,2.457254629
397,2.7922576208,2.71016876494,2.81928658485,2.819795625
398,2.8046433551,2.8519542999,2.64355230331,2.604038818
399,2.76035660444,2.72266150739,2.67531371117,2.48550751
400,2.77584213297,2.64893157758,2.69415092468,2.684597881
401,3.0315548396,2.98722788921,2.87000823021,2.690955692
402,2.71356500485,2.77776364868,2.66714119911,2.681274405
403,2.72889111133,2.60615515086,2.71599340439,2.730153333
404,2.7780445758,2.81891795536,2.83753299713,2.918158561
405,2.8713577097,2.81491090278,2.84762477875,2.772907864
406,2.8348279607,2.78231979969,2.83230519295,2.794639939
407,2.9586946136,2.86673471389,2.813788414,2.751824705
408,2.74958027215,2.83677624494,2.79357171059,2.854293299
409,2.8213196533,2.71599141124,2.83482074738,2.75538129
410,2.76745396136,2.90649018904,2.91043376923,3.043397581
411,3.0643243408,3.0583237178,3.0108191967,3.246185394
412,2.98722537985,3.02072199269,2.90803575516,2.821322746
413,2.7713001766,2.80442302325,2.82106947899,2.774887894
414,2.74762794325,2.82963073094,2.72349238396,2.539858379
415,2.9803295248,2.97555310596,2.90377163887,2.965334936
416,2.81073462007,2.84419339324,2.79710221291,2.81497117
417,2.69985116762,2.86428859134,2.89254212379,2.915021795
418,2.73098634238,2.90675497925,2.80541729927,2.707362412
419,2.7549910463,2.78485879438,2.63430333138,2.686349692
420,2.7905834448,2.86873254197,2.7880461216,2.520522417
421,2.71741022529,2.88814071086,2.82375621796,2.87106653
422,2.95119357327,3.05494747852,3.07100749016,3.190121341
423,2.7814556275,2.69221236298,2.80377554893,2.797970242
424,2.7710770228,2.75028026931,2.73669958115,2.779368295
425,2.83045297043,2.80662855026,2.8198466301,2.851153932
426,3.28085928553,3.07105782063,3.18698573112,3.353639292
427,3.2841741645,3.0896556615,3.27439141273,3.353639292
428,2.90270075506,2.845285476,2.90089130402,2.934425572
429,2.86969454076,2.84213952101,2.93548083305,2.934425572
430,2.7856144035,2.70860350206,2.64225077629,2.700038464
431,3.05019308183,3.03322231513,2.92908382416,2.871240455
432,2.8230518325,2.76654126017,2.81913661957,2.833424699
433,3.05935811043,2.9618903405,2.99774169922,2.944900196
434,2.86881066197,2.68980013239,2.80498290062,2.911271848
435,2.7872436957,2.76011440329,2.7794573307,2.697709938
436,2.7467881683,2.7286536381,2.80208992958,2.857973784
437,2.89035102898,2.97627883458,2.83974146843,2.908739011
438,2.6326570215,2.72019433868,2.6740334034,2.765654909
439,2.9453977869,2.85426430138,2.86978697777,2.856577093
440,2.74260222255,2.69908906648,2.7492890358,2.536779814
441,3.00342314095,2.98703740362,3.00342941284,3.071424913
442,2.94793608234,2.94734571338,3.06705021858,3.305119875
443,2.8806106212,2.82428639553,2.9273724556,3.045542455
444,2.7611242503,2.87489011598,2.89196181297,2.86684078
445,2.8087302354,2.97330099132,2.94908809662,2.922196572
446,2.93433130668,2.82676121478,2.86175346375,2.755437167
447,2.9655407372,2.96236732156,2.976780653,3.213455667
448,2.900722326,2.87823044575,2.87639284134,2.961716595
449,3.1051951202,3.09860893435,3.0905315876,3.205263837
450,2.6587641267,2.70942582039,2.67353534698,2.404602957
451,2.8377798136,2.72379924464,2.79082584381,2.769913693
452,2.6338400295,2.67451860655,2.80397462845,2.756723655
453,2.71701029842,2.57203158098,2.74743533134,2.876651962
454,2.69787736285,2.59847572429,2.70787167549,2.545814519
455,2.85265217073,2.89859534053,2.93954873085,2.794155
456,2.72569948872,2.74230406353,2.76322340965,2.753673837
457,2.6766863472,2.59368012616,2.65612459183,2.580586496
458,2.85384855477,2.82643114784,2.88793063164,3.01420128
459,2.88997776846,2.79044899702,2.86756563187,2.783354139
460,3.0257475805,2.89987945766,2.97333145142,3.142547452
461,3.0770065497,2.91588443246,3.06434345245,2.919967612
462,2.88880217725,2.74027431733,2.83426332474,2.989936402
463,2.88340099908,2.87494738139,2.8737449646,2.788335144
464,3.0064496624,3.04974975109,2.94803023338,3.096972157
465,2.8110873839,2.98751547444,2.77577638626,2.857024854
466,2.7838940281,2.92662278935,2.85944080353,2.773399806
467,2.8534429744,2.90436992258,2.86263847351,2.750609894
468,2.8302494624,2.91765171255,2.91063857079,2.786367068
469,2.74141223667,2.87001230059,2.79322361946,2.828872769
470,2.8253650056,2.7404882854,2.9189748764,2.811349795
471,2.7461530028,2.66818078106,2.69376587868,2.571254826
472,2.81571335359,2.7532692465,2.77260899544,2.839783708
473,2.87949652016,2.8264841946,2.89933300018,2.848514277
474,2.77274472635,2.71848336266,2.74572372437,2.855452023
475,2.9180293763,2.72504155855,2.82540631294,2.918081705
476,2.91683623307,2.74280153145,2.82803750038,2.787686076
477,2.9119224864,2.80552876507,2.81474757195,2.750927011
478,2.79387969502,2.89648306803,2.89452791214,2.907354735
479,2.84941396157,2.90967606103,2.78125452995,2.722476595
480,2.92517071113,2.89830748966,2.86482048035,2.68353667
481,2.78503361062,2.92052450262,2.82441997528,2.930528689
482,2.76449445456,2.84803182917,2.80932164192,2.695868311
483,2.8255091926,2.8288963628,2.83114099503,2.851244528
484,2.9332954455,3.07241219485,2.94303131104,3.045129303
485,2.9437130598,2.91220358843,2.92257642746,2.922520053
486,2.84339528387,2.92104116772,2.92184257507,2.922520053
487,2.94033192822,2.9240965567,2.94666695595,2.946005458
488,2.91468903322,2.96864764672,2.94473266602,2.946005458
489,2.5871312066,2.86570557958,2.54864835739,2.547208864
490,2.61456793765,2.86947475417,2.54953765869,2.547208864
491,2.8247092987,2.80998096069,2.88649463654,2.885645538
492,2.85498628079,2.82983225941,2.88515043259,2.885645538
493,3.0201573637,2.87738569103,2.81897497177,2.869652222
494,2.78359980556,2.81417843656,2.8094997406,2.752624828
495,2.7182771166,2.75368421901,2.85927295685,2.776900361
496,2.9659002644,3.01275690568,2.8364815712,3.048245034
497,2.9612972679,2.87575509147,3.02591824532,2.934633917
498,2.90133173486,2.76984090133,2.79565858841,2.98051253
499,2.90197114931,2.92252329357,3.03121471405,3.145861208
500,3.12013113946,3.0819638873,3.12780761719,3.266245939
501,3.10813222225,3.17287716368,3.21748661995,3.261155773
502,2.94690997472,2.83729025693,3.08797001839,3.18566883
503,3.23915036353,3.02383582518,3.20594930649,3.240713398
504,3.1648859089,3.04849056836,3.16074156761,3.260534943
505,2.93441205726,2.93247801853,2.86238193512,3.026218576
506,2.89908960177,2.80669350823,2.89961433411,2.843780352
507,2.8087506156,2.82419889343,2.91490912437,2.915419686
508,2.8126821111,2.79301993155,2.83439922333,2.986744955
509,3.17874551101,3.08692199457,3.15113902092,3.209558716
510,3.1678094829,3.17317266457,3.16920042038,3.329926458
511,2.9897831316,2.81234674471,2.9367351532,3.019358008
512,2.9181687163,2.79509184352,2.96263599396,2.893755549
513,3.0402072617,3.10879195039,3.18253898621,3.405437943
514,2.91043898916,2.85410655211,2.86144089699,2.873743284
515,3.0432500424,2.99779386144,3.02800440788,3.258172492
516,2.7528910277,2.64322540193,2.6979777813,2.534603441
517,2.86567967442,2.78237665357,2.74837446213,2.667593004
518,2.8954683281,2.79290686719,2.86063742638,2.843863943
519,2.806637864,2.81315740697,2.74424266815,2.747129515
520,2.8389284047,2.77004260954,2.77338314056,2.747129515
521,2.7265277858,2.7768822745,2.74153351784,2.781129367
522,2.7757128565,2.76799077977,2.80466389656,2.781129367
523,2.65332528058,2.62976982382,2.65914320946,2.530082674
524,2.7503815762,2.63797631887,2.72723793983,2.767009422
525,2.8514573363,2.70634624187,2.80229067802,2.714044308
526,2.8729141802,2.87486080185,2.85484576225,2.92894897
527,2.8732101671,2.96019707334,2.88276433945,2.99822683
528,2.9206787382,2.87688820103,2.86786818504,2.899883191
529,2.94063104098,2.93502378354,2.99356603622,2.885932504
530,2.9232287601,3.09440698644,3.08769607544,3.185311648
531,2.9169639835,2.89775934673,2.92647957802,2.839407242
532,3.20840349105,3.05877433005,3.10713601112,3.189522314
533,2.9052638867,2.87258920319,2.96249651909,2.894679193
534,2.94925590788,2.91716922234,3.04605293274,2.932091877
535,3.00708388695,3.12590442852,3.16108798981,3.229330869
536,2.98675882015,2.9487745419,2.89892101288,3.103305553
537,2.96602544895,2.96920006159,2.97151446342,3.104217958
538,3.16181359912,3.16016398491,3.20332098007,3.243477958
539,2.8267654155,2.94872675197,2.96135020256,2.98730536
540,2.89647287897,2.82000364528,2.95874142647,3.007452212
541,2.75180997543,2.82982145006,2.72056174278,2.869629254
542,2.760474346,2.79721420886,2.85562753677,2.847530583
543,2.86886264735,2.80750480024,2.89370465279,2.967791845
544,3.12923337957,3.09942972297,3.09629440308,3.329661742
545,2.679046502,2.61829854086,2.73459196091,2.583565361
546,2.71308504355,2.80505630376,2.67574882507,2.75168046
547,2.93571710622,2.99537425293,2.87680029869,2.890192109
548,3.0174836814,2.86375922037,2.94805550575,2.679304652
549,2.76266042225,2.69272116933,2.72793531418,2.609551995
550,2.85179821582,2.71548468039,2.7461001873,2.464392187
551,2.76246325456,2.84106281258,2.86693477631,2.894043182
552,2.8171681319,2.76495062124,2.71827697754,2.53983933
553,2.9418901262,3.01494245998,2.80383372307,2.726765004
554,2.7888031487,2.72386629748,2.78027415276,2.794889652
555,2.8252405501,2.79008124792,2.75438308716,2.710004697
556,2.888915257,2.91678543842,2.87244558334,2.808178027
557,2.69944165918,2.67058835139,2.66531038284,2.460917987
558,2.73639588513,2.82723131405,2.84779024124,2.575562091
559,2.75520669486,2.6432567489,2.61167550087,2.621274503
560,2.9499490229,3.00701729642,2.95455288887,3.117429735
561,2.8810396015,2.94865910393,2.8127682209,2.909926568
562,2.8645135682,2.77748484076,2.80267572403,2.924968626
563,3.05889861992,3.0553411184,3.10549902916,3.038251256
564,2.94161403493,2.9070487966,2.86560916901,2.737297123
565,2.94007220297,2.80876081239,2.84958648682,2.954038402
566,2.78742205036,2.83880191985,2.92709851265,2.893701811
567,2.86672835808,2.81977283862,2.77354931831,2.637414276
568,2.80003983933,2.91693273293,2.8314538002,2.781111505
569,2.9750537055,3.11519306335,2.98115801811,2.941981263
570,3.0603999088,2.99828157901,3.0930917263,3.112737873
571,2.82137554366,2.87613204599,2.85780096054,3.022505629
572,2.8782342104,2.86401974273,2.79700827599,2.62897251
573,2.8221729783,2.8517047459,2.78113532066,2.647733308
574,2.809375173,2.77560890636,2.77458071709,2.765108738
575,2.8326550532,2.83998558534,2.79954075813,2.770934402
576,2.9699827685,3.07136331011,2.95428872108,2.978457854
577,2.9185239992,2.8814941752,2.90835189819,2.990843098
578,2.891200843,2.93241075659,2.97296762466,2.985346859
579,2.85115035311,2.89152789969,2.90045976639,3.001783655
580,2.95976952503,3.0054307409,3.0013153553,3.180855866
581,3.0119240458,2.8311312898,2.89834976196,2.977190523
582,2.9349970992,2.87335201493,2.94446778297,2.99404671
583,2.8441476248,2.8563157099,2.82981228828,2.945082981
584,2.63045284437,2.91626199796,2.70444846153,2.538191083
585,2.88714930148,2.80716338134,2.73509788513,2.498465152
586,3.16337155227,3.03307824346,2.96617150307,3.073742061
587,2.8666725762,2.84069109823,2.77201938629,2.770220494
588,2.82584432383,2.93361950768,2.84296536446,2.904372409
589,3.13336670614,3.08164074607,3.06891775131,2.922899957
590,2.71961270305,2.72049218701,2.67196679115,2.772303527
591,2.78552170245,2.81516250855,2.78370881081,2.710987061
592,2.95415400086,3.23969548841,3.04664564133,2.911887019
593,2.84776596139,2.82806873761,2.83114385605,2.844586261
594,2.89347545277,2.91524636049,2.85468149185,2.814123049
595,2.83870496034,2.8050540629,2.87267756462,2.933935076
596,3.1331775798,3.01878314236,3.05986380577,3.1082549
597,2.80644737234,2.6782076541,2.85777115822,2.848719205
598,3.14325063755,3.01107684978,2.99881649017,3.006316
599,3.0072250919,2.94304589384,2.96909713745,3.061013876
600,2.8582623328,2.77071734627,2.86585760117,2.869139778
601,3.0077291788,2.95448369225,3.0553393364,3.018406828
602,2.85019601928,2.7048671924,2.84158420563,2.816014134
603,2.91869599097,2.85329157251,2.86253428459,2.939255746
604,2.8936540232,2.79284464523,2.87018442154,2.868794667
605,2.84593747751,2.75875601752,2.83260416985,2.745705352
606,2.89631140532,2.74293525821,2.895434618,2.937688008
607,3.04815682243,3.06861170042,3.06360721588,3.096050136
608,2.81538933637,2.94940139021,2.80364179611,2.877750958
609,2.85896615748,2.75156630751,2.82299566269,2.846854061
610,2.92716458982,2.85784024053,2.88543725014,2.94234725
611,2.76470514947,2.79868761638,2.82139205933,2.77261683
612,2.77979845793,2.77112251488,2.77906847,2.593437042
613,2.99190654685,2.7852078354,2.82335019112,2.842227886
614,2.9523248658,2.64138998945,2.79262804985,2.860415936
615,2.88210304169,2.65817471521,2.82534861565,2.861363587
616,2.8140643618,2.85621888952,2.91897201538,2.983917755
617,2.88955756213,2.95441041357,3.09079957008,3.005704808
618,2.77982250563,2.79619575631,2.79894042015,2.743378343
619,2.97254454906,2.83418829667,2.96421122551,3.033899217
620,3.0438743659,2.96979899973,3.06441378593,3.16533353
621,2.9026306737,2.8486587002,2.88681077957,2.909598432
622,2.97645844416,2.9420819593,3.05337905884,3.09583614
623,2.8756289169,2.86478697332,2.83696365356,2.95746717
624,2.9776642264,3.12390628396,2.78455662727,2.924262858
625,2.9156152657,2.97284005825,2.8672606945,2.632047237
626,2.90513967622,2.97626706765,2.97085809708,3.062528261
627,2.78416522457,2.77265876303,2.6851682663,2.71875326
628,2.72307960387,2.90488996146,2.76556539536,2.559162947
629,2.9384311315,3.07928176556,2.94769215584,2.945149063
630,2.79220519718,2.95079656359,2.94524931908,2.993140596
631,2.9957385691,3.01202735207,3.07518291473,3.076256364
632,2.82329783664,2.62860792402,2.77166557312,2.797752313
633,2.8922229278,2.78545270495,2.87747216225,2.868438573
634,2.87981562603,2.85991211157,2.75810670853,2.873667838
635,2.8383017091,2.61836842459,2.73005104065,2.753829348
636,3.0802468596,3.15926149719,3.06662487984,3.146891314
637,2.85685125766,2.84564645383,2.88031506538,2.774261398
638,2.86019372665,3.02537395762,2.97177267075,2.992921057
639,2.7656726743,2.81854660335,2.7993414402,2.818932254
640,2.87398527399,2.90507064129,2.98587226868,2.999448258
641,3.0110375327,2.87798788828,3.0112953186,3.084034455
642,3.0491453619,2.94779233708,3.05967783928,3.043083799
643,3.0791912809,2.91846833184,3.02974295616,3.204778239
644,3.0640268271,2.80219214733,2.97287511826,3.074647837
645,3.04776267099,2.83780350033,3.05566811562,3.007947106
646,2.91544045442,2.90077203419,2.97898125648,2.980085081
647,3.03795619626,3.00496754838,3.10246944427,3.014554159
648,2.74151837705,2.88384792249,2.82113170624,2.758398689
649,2.92405237266,3.04025669317,2.86605405807,2.761453899
650,2.8807065891,2.96704855049,2.88393545151,2.693089788
651,2.9058004537,2.94672274737,2.99321603775,3.201655295
652,2.87795768122,2.92869594351,2.94409275055,3.00894283
653,2.8636006645,2.96820889713,3.03859019279,3.246485596
654,3.0880300236,3.08827903426,3.08105993271,3.174984591
655,3.1014342203,3.0410448138,3.02844786644,3.030387174
656,3.1255880174,3.10754726884,3.19392752647,3.123567117
657,2.84596318704,2.81231403519,2.89004182816,3.068357561
658,2.904532567,3.05518092979,2.96197128296,2.928646846
659,2.8996679251,2.82054347993,2.77729153633,2.833758795
660,3.12977100676,3.19513858379,3.11965370178,3.113605141
661,2.86487699042,2.92118488961,2.95218253136,2.930063505
662,2.90190014459,2.90165158262,2.86423921585,2.96022997
663,2.8369485904,2.93060094523,2.87983322144,2.88376551
664,2.9060376064,2.95127191433,2.9363899231,2.956667121
665,3.0161221901,3.07203944248,3.08243870735,3.072160528
666,2.96046717898,2.8559471696,2.93053150177,2.849835247
667,2.9222728765,2.88505852828,2.852891922,2.896108903
668,2.86497522142,2.88755589781,2.85583019257,2.939805475
669,2.8717028077,2.99265873491,2.92822027206,2.776995965
670,2.8424815428,2.92160935979,2.7578804493,2.79249958
671,2.86530369447,2.81812931426,2.87148070335,2.937501015
672,2.90183224315,2.79324017323,2.84468436241,2.84099997
673,2.9794633522,2.70343292254,2.85612773895,2.87443272
674,2.8364581579,2.89950627156,2.85179543495,2.950052027
675,2.8649358215,2.69488103327,2.7726149559,2.917260655
676,3.0821287851,2.96852135082,2.98209643364,3.069874258
677,2.9674544314,2.80549261707,2.90151929855,2.986173152
678,2.9682274598,2.95124930437,3.01561975479,3.15357553
679,2.7868797442,2.82465063739,2.87117028236,2.871042634
680,2.86501394292,2.94171070149,2.88606262207,2.821897543
681,2.97424710615,2.72899069602,2.88168931007,3.083927735
682,3.012516828,2.84583790695,3.01486420631,2.989412715
683,2.8805579392,2.77650615007,2.81237649918,2.856949962
684,2.9092144301,2.98720888594,3.00818657875,3.23169949
685,2.8012236379,2.9651195282,2.8674902916,2.88058077
686,2.8520397249,2.83578513665,2.9148170948,2.922420189
687,2.7887553369,2.88514531962,2.8814330101,3.049317466
688,2.76239122447,2.85719621527,2.84778809547,2.910305912
689,2.92940556596,2.96594436891,2.90292620659,2.938358937
690,3.10897876665,3.17412504129,3.07938766479,3.158075871
691,2.86187946867,2.81924118486,2.95909523964,2.831751538
692,3.00079043893,3.12276963106,2.88008260727,2.999952475
693,2.81807607517,2.87908642436,2.80038499832,2.75328274
694,2.9438021961,2.98283718523,2.8237349987,2.753110962
695,2.876332121,2.8451498339,2.78396511078,2.858623828
696,2.91924877332,2.89689785854,2.97126412392,2.864728583
697,3.0196425877,3.14636854042,3.06086969376,3.099469366
698,3.0263044802,2.97977703182,2.99651789665,2.923653117
699,2.8416603033,2.83324257677,2.77923512459,2.625522867
700,2.8560237429,2.79332406732,2.77510595322,2.887898822
701,3.2091083259,2.9395698879,2.97047781944,2.999076515
702,2.881778234,2.93581135067,2.88429403305,1.614239575
703,2.822404163,2.78452105992,2.77334952354,2.936811072
704,2.94292990776,2.79710003325,2.89829540253,2.852157114
705,2.79469964073,2.84849863071,2.79391121864,2.841471292
706,2.8899774972,2.78065304043,2.80194211006,2.746604261
707,2.89621817431,2.98273312757,2.89939665794,2.874379614
708,3.0456055662,3.14995327181,2.94044613838,2.8665585
709,2.9098177651,2.92340178804,2.90636014938,2.87035814
710,2.9909350283,2.85708125767,3.01509737968,2.760200962
711,2.82598105435,2.82288128635,2.58346414566,2.899006746
712,2.92628168,2.9086452171,2.8536670208,2.871301402
713,2.78417647573,2.7419082577,2.76266074181,2.660166573
714,2.7561805501,2.87716662836,2.78482174873,2.634915679
715,2.8296376718,2.84039932418,2.85845804214,2.565942614
716,2.7998039122,2.92401544782,2.82078170776,2.747714659
717,2.82085460905,3.00008769599,2.81829500198,2.796228871
718,2.8111659165,2.7360808554,2.7181084156,2.63827372
719,3.1048105303,3.07570315936,3.16790270805,3.23094023
720,3.0065492613,2.94275544541,2.96851158142,3.007105167
721,3.10726703803,3.04351291376,2.88245296478,2.614327984
722,2.9509262684,2.8998182563,2.83577179909,2.542369008
723,2.8966718201,2.87552586456,2.8858757019,2.962446318
724,2.92792007356,2.93330776256,2.97158479691,2.93402264
725,3.0669701458,3.04042675709,3.07819199562,3.295081561
726,2.98338372042,2.92139747057,2.93287563324,2.974162331
727,2.8994731729,3.05410811527,3.07022547722,3.241029073
728,2.84281676592,2.82446464884,2.86297535896,2.897041727
729,2.83174693476,2.93753689959,2.86043572426,2.972006066
730,2.9025823406,2.98395536756,2.74710226059,2.960540078
731,2.6891604452,2.75999427118,2.75704932213,2.380365381
732,2.8797840598,2.94652613113,2.80103588104,2.806716505
733,2.96025509547,2.92759029589,2.96305370331,3.024416566
734,3.0295879472,2.94962882659,3.03427696228,3.08874302
735,2.8413671914,2.844727018,2.81258749962,2.701326293
736,2.85031151677,2.95355403441,2.82314109802,2.854200144
737,2.9518564098,2.86449329342,2.89680671692,2.94217452
738,2.9264265032,2.95762275898,2.9363694191,3.005633836
739,2.9235673071,2.93529645701,2.87253427505,2.994959268
740,2.9534954326,2.82675163357,2.89680671692,2.954706025
741,2.9053325064,2.85477359699,2.80018520355,2.914110247
742,2.8883296256,2.8995323297,2.81029605865,2.787141866
743,2.97497647108,2.87208264305,2.79249763489,2.88111597
744,2.9039713768,2.88319750754,2.90740680695,2.709550197
745,2.8316966049,2.84797352265,2.94673228264,2.897714591
746,3.05990661505,2.9878786121,3.07265257835,3.069451652
747,2.8612957612,3.07415672187,3.01463842392,3.109489224
748,2.9635172029,2.99049806519,2.85119628906,3.145264629
749,3.0134360551,2.86444729659,3.01917457581,3.180182586
750,2.9177478162,2.93707843853,3.03599905968,3.093912742
751,3.01079837425,3.04532425992,2.90434670448,2.939886005
752,2.8387888279,2.90950825955,2.78653550148,2.731580167
753,2.7877953489,2.83176855462,2.81845569611,2.829036263
754,2.844905952,2.74607575373,2.84191632271,2.734796331
755,2.96928769853,2.84459917937,2.76393651962,2.724288702
756,2.86078908105,3.05830878144,2.88900399208,2.863311677
757,2.7894718096,2.7363647385,2.77748084068,2.857573139
758,2.84230144553,2.78997945253,2.75674962997,2.723440649
759,2.8551351454,2.93541124384,2.92529177666,3.029373813
760,3.05625451605,2.90098671559,3.02191352844,2.993994939
761,2.96292794037,2.89103636642,2.95344209671,3.098168814
762,3.02752551365,3.11762920076,3.19909548759,3.452427023
763,2.8463848863,2.84052149149,2.79693102837,2.968839746
764,2.78432293496,2.87890067769,2.92798638344,3.144453011
765,2.972394744,2.89796581445,2.9830365181,2.968624617
766,2.9503938067,2.82952068648,3.05968737602,3.157630246
767,2.95861706058,2.82540501262,2.98776960373,3.051669254
768,2.96048955272,2.70756156199,2.95266199112,3.03220097
769,2.7702397552,2.7270048503,2.79371500015,2.724110227
770,2.7676614524,2.72455296621,2.75239014626,2.746016212
771,2.94527402837,2.92363353483,2.85127043724,2.796426038
772,2.6893438985,2.79268285454,2.57700395584,2.543711028
773,2.97462375053,3.03902872983,2.86084365845,2.746056802
774,2.83336955,2.67283734591,2.723300457,2.526057886
775,2.79455472198,2.5619706394,2.76285195351,2.794995193
776,2.79857896668,2.63396704895,2.76382064819,2.794995193
777,2.74198010165,2.8317254462,2.71215009689,2.474389936
778,2.83045030298,3.13871027206,2.95615959167,3.118068682
779,3.0836937805,3.10807458909,3.07088899612,3.080316561
780,3.0480235849,3.08175040899,3.0359621048,3.074781936
781,3.0718012384,3.07503262794,3.08983254433,3.035063428
782,3.1325163682,3.13795376879,3.10783576965,3.063460879
783,3.0997320608,3.11230697351,3.11019849777,3.126478178
784,3.169009296,3.1446227429,3.15226340294,3.056521689
785,3.1206980554,3.09972467482,3.0836250782,3.265213636
786,3.1031040946,3.15696949764,3.18790030479,3.30584136
787,2.8084240812,2.79369665413,2.74441671371,2.83974611
788,2.9756157197,3.09523162431,2.78601336479,2.524550254
789,2.734960756,2.77885987982,2.6479871273,2.725575682
790,2.8058529536,2.91529575726,2.74318408966,2.798031068
791,2.83325217713,2.91775535522,2.78757619858,2.827674424
792,2.8152798562,2.94124306148,2.87370371819,2.952016523
793,2.9711417331,3.16663303797,2.91236686707,2.892322129
794,2.8839533737,2.75312385931,2.77422356606,2.636884884
795,2.8084422267,2.94584486882,2.76568031311,2.531849864
796,2.90370724196,2.93849067308,2.63684773445,2.745535634
797,2.85672776545,2.96659657268,2.82964539528,2.728874485
798,2.8934625141,2.91584346646,2.82592439651,2.890727479
799,2.907233927,2.85129494774,2.8085398674,2.826486689
